text_id	annotator_id	dialogue_system	criterion	random
65c5b4b9f174b2897703736a	22	2	Q1	3.0
65c5b4b9f174b2897703736a	22	2	Q2	3.0
65c5b4b9f174b2897703736a	22	2	Q3	3.0
65c5b4b9f174b2897703736a	22	2	Q4	3.0
65c5b4b9f174b2897703736a	22	2	Q5	2.0
65c5b4b9f174b2897703736a	22	2	Q6	2.0
65c5b4b9f174b2897703736a	22	2	Q7	1.0
65c5b4b9f174b2897703736a	22	2	Q8	1.0
65c5b4b9f174b2897703736a	22	2	Q0	4.0
65c5b90bf174b28977037378	22	0	Q2	2.0
65c5b90bf174b28977037378	22	0	Q6	1.0
65c5b90bf174b28977037378	22	0	Q7	4.0
65c5b90bf174b28977037378	22	0	Q8	1.0
65c5b90bf174b28977037378	22	0	Q0	2.0
65c5c73ef174b289770373a2	7	1	Q1	1.0
65c5c73ef174b289770373a2	7	1	Q2	1.0
65c5c73ef174b289770373a2	7	1	Q3	4.0
65c5c73ef174b289770373a2	7	1	Q4	1.0
65c5c73ef174b289770373a2	7	1	Q5	1.0
65c5c73ef174b289770373a2	7	1	Q6	1.0
65c5c73ef174b289770373a2	7	1	Q7	2.0
65c5c73ef174b289770373a2	7	1	Q8	2.0
65c5c73ef174b289770373a2	7	1	Q0	4.0
65c5cf8cf174b289770373b9	7	0	Q2	4.0
65c5cf8cf174b289770373b9	7	0	Q6	3.0
65c5cf8cf174b289770373b9	7	0	Q7	2.0
65c5cf8cf174b289770373b9	7	0	Q8	1.0
65c5cf8cf174b289770373b9	7	0	Q0	3.0
65c5d5f9f174b289770373d6	13	0	Q2	2.0
65c5d5f9f174b289770373d6	13	0	Q6	3.0
65c5d5f9f174b289770373d6	13	0	Q7	4.0
65c5d5f9f174b289770373d6	13	0	Q8	2.0
65c5d5f9f174b289770373d6	13	0	Q0	4.0
65c5eccaf174b289770373e4	2	2	Q1	3.0
65c5eccaf174b289770373e4	2	2	Q2	1.0
65c5eccaf174b289770373e4	2	2	Q3	1.0
65c5eccaf174b289770373e4	2	2	Q4	1.0
65c5eccaf174b289770373e4	2	2	Q5	3.0
65c5eccaf174b289770373e4	2	2	Q6	3.0
65c5eccaf174b289770373e4	2	2	Q7	3.0
65c5eccaf174b289770373e4	2	2	Q8	1.0
65c5eccaf174b289770373e4	2	2	Q0	4.0
65c5efbaf174b289770373e9	11	2	Q1	1.0
65c5efbaf174b289770373e9	11	2	Q2	2.0
65c5efbaf174b289770373e9	11	2	Q3	3.0
65c5efbaf174b289770373e9	11	2	Q4	1.0
65c5efbaf174b289770373e9	11	2	Q5	2.0
65c5efbaf174b289770373e9	11	2	Q6	3.0
65c5efbaf174b289770373e9	11	2	Q7	2.0
65c5efbaf174b289770373e9	11	2	Q8	1.0
65c5efbaf174b289770373e9	11	2	Q0	4.0
65c5f6c4f174b289770373f8	13	2	Q1	4.0
65c5f6c4f174b289770373f8	13	2	Q2	3.0
65c5f6c4f174b289770373f8	13	2	Q3	4.0
65c5f6c4f174b289770373f8	13	2	Q4	2.0
65c5f6c4f174b289770373f8	13	2	Q5	1.0
65c5f6c4f174b289770373f8	13	2	Q6	4.0
65c5f6c4f174b289770373f8	13	2	Q7	3.0
65c5f6c4f174b289770373f8	13	2	Q8	2.0
65c5f6c4f174b289770373f8	13	2	Q0	3.0
65c5f77ff174b289770373fa	11	0	Q2	4.0
65c5f77ff174b289770373fa	11	0	Q6	2.0
65c5f77ff174b289770373fa	11	0	Q7	2.0
65c5f77ff174b289770373fa	11	0	Q8	1.0
65c5f77ff174b289770373fa	11	0	Q0	4.0
65c5fc3bf174b2897703740b	16	0	Q2	3.0
65c5fc3bf174b2897703740b	16	0	Q3	2.0
65c5fc3bf174b2897703740b	16	0	Q6	3.0
65c5fc3bf174b2897703740b	16	0	Q7	3.0
65c5fc3bf174b2897703740b	16	0	Q8	2.0
65c5fc3bf174b2897703740b	16	0	Q0	1.0
65c5fd8df174b28977037412	16	1	Q1	4.0
65c5fd8df174b28977037412	16	1	Q2	3.0
65c5fd8df174b28977037412	16	1	Q3	1.0
65c5fd8df174b28977037412	16	1	Q4	3.0
65c5fd8df174b28977037412	16	1	Q5	2.0
65c5fd8df174b28977037412	16	1	Q6	1.0
65c5fd8df174b28977037412	16	1	Q7	1.0
65c5fd8df174b28977037412	16	1	Q8	1.0
65c5fd8df174b28977037412	16	1	Q0	4.0
65c5fe6cf174b28977037419	16	1	Q1	1.0
65c5fe6cf174b28977037419	16	1	Q2	1.0
65c5fe6cf174b28977037419	16	1	Q3	2.0
65c5fe6cf174b28977037419	16	1	Q4	3.0
65c5fe6cf174b28977037419	16	1	Q5	2.0
65c5fe6cf174b28977037419	16	1	Q6	4.0
65c5fe6cf174b28977037419	16	1	Q7	3.0
65c5fe6cf174b28977037419	16	1	Q8	2.0
65c5fe6cf174b28977037419	16	1	Q0	4.0
65c5ffe4f174b2897703741f	16	0	Q2	1.0
65c5ffe4f174b2897703741f	16	0	Q6	4.0
65c5ffe4f174b2897703741f	16	0	Q7	4.0
65c5ffe4f174b2897703741f	16	0	Q8	3.0
65c5ffe4f174b2897703741f	16	0	Q0	2.0
65c60093f174b28977037424	16	2	Q1	1.0
65c60093f174b28977037424	16	2	Q2	3.0
65c60093f174b28977037424	16	2	Q3	2.0
65c60093f174b28977037424	16	2	Q4	2.0
65c60093f174b28977037424	16	2	Q5	1.0
65c60093f174b28977037424	16	2	Q6	4.0
65c60093f174b28977037424	16	2	Q7	3.0
65c60093f174b28977037424	16	2	Q8	1.0
65c60093f174b28977037424	16	2	Q0	4.0
65c60166f174b2897703742d	16	2	Q1	3.0
65c60166f174b2897703742d	16	2	Q2	2.0
65c60166f174b2897703742d	16	2	Q3	1.0
65c60166f174b2897703742d	16	2	Q4	3.0
65c60166f174b2897703742d	16	2	Q5	2.0
65c60166f174b2897703742d	16	2	Q6	4.0
65c60166f174b2897703742d	16	2	Q7	4.0
65c60166f174b2897703742d	16	2	Q8	1.0
65c60166f174b2897703742d	16	2	Q0	4.0
65c60203f174b28977037433	16	1	Q1	1.0
65c60203f174b28977037433	16	1	Q2	1.0
65c60203f174b28977037433	16	1	Q3	1.0
65c60203f174b28977037433	16	1	Q4	4.0
65c60203f174b28977037433	16	1	Q5	1.0
65c60203f174b28977037433	16	1	Q6	2.0
65c60203f174b28977037433	16	1	Q7	1.0
65c60203f174b28977037433	16	1	Q8	4.0
65c60203f174b28977037433	16	1	Q0	1.0
65c60280f174b2897703743a	11	1	Q1	3.0
65c60280f174b2897703743a	11	1	Q2	3.0
65c60280f174b2897703743a	11	1	Q3	4.0
65c60280f174b2897703743a	11	1	Q4	3.0
65c60280f174b2897703743a	11	1	Q5	1.0
65c60280f174b2897703743a	11	1	Q6	4.0
65c60280f174b2897703743a	11	1	Q7	3.0
65c60280f174b2897703743a	11	1	Q8	3.0
65c60280f174b2897703743a	11	1	Q0	3.0
65c602a2f174b2897703743c	16	2	Q1	2.0
65c602a2f174b2897703743c	16	2	Q2	2.0
65c602a2f174b2897703743c	16	2	Q3	3.0
65c602a2f174b2897703743c	16	2	Q4	4.0
65c602a2f174b2897703743c	16	2	Q5	1.0
65c602a2f174b2897703743c	16	2	Q6	1.0
65c602a2f174b2897703743c	16	2	Q7	1.0
65c602a2f174b2897703743c	16	2	Q8	3.0
65c602a2f174b2897703743c	16	2	Q0	4.0
65c60309f174b28977037442	16	0	Q2	3.0
65c60309f174b28977037442	16	0	Q6	1.0
65c60309f174b28977037442	16	0	Q7	3.0
65c60309f174b28977037442	16	0	Q8	1.0
65c60309f174b28977037442	16	0	Q0	4.0
65c605e3f174b28977037447	13	2	Q1	4.0
65c605e3f174b28977037447	13	2	Q2	3.0
65c605e3f174b28977037447	13	2	Q3	4.0
65c605e3f174b28977037447	13	2	Q4	2.0
65c605e3f174b28977037447	13	2	Q5	4.0
65c605e3f174b28977037447	13	2	Q6	1.0
65c605e3f174b28977037447	13	2	Q7	4.0
65c605e3f174b28977037447	13	2	Q8	3.0
65c605e3f174b28977037447	13	2	Q0	2.0
65c609f1f174b28977037454	13	2	Q1	3.0
65c609f1f174b28977037454	13	2	Q2	4.0
65c609f1f174b28977037454	13	2	Q3	1.0
65c609f1f174b28977037454	13	2	Q4	2.0
65c609f1f174b28977037454	13	2	Q5	2.0
65c609f1f174b28977037454	13	2	Q6	2.0
65c609f1f174b28977037454	13	2	Q7	2.0
65c609f1f174b28977037454	13	2	Q8	1.0
65c609f1f174b28977037454	13	2	Q0	3.0
65c60f9af174b2897703745a	11	2	Q1	2.0
65c60f9af174b2897703745a	11	2	Q2	3.0
65c60f9af174b2897703745a	11	2	Q3	3.0
65c60f9af174b2897703745a	11	2	Q4	1.0
65c60f9af174b2897703745a	11	2	Q5	3.0
65c60f9af174b2897703745a	11	2	Q6	4.0
65c60f9af174b2897703745a	11	2	Q7	3.0
65c60f9af174b2897703745a	11	2	Q8	1.0
65c60f9af174b2897703745a	11	2	Q0	1.0
65c6133af174b2897703746a	13	1	Q1	3.0
65c6133af174b2897703746a	13	1	Q2	3.0
65c6133af174b2897703746a	13	1	Q3	2.0
65c6133af174b2897703746a	13	1	Q4	4.0
65c6133af174b2897703746a	13	1	Q5	2.0
65c6133af174b2897703746a	13	1	Q6	3.0
65c6133af174b2897703746a	13	1	Q7	3.0
65c6133af174b2897703746a	13	1	Q8	4.0
65c6133af174b2897703746a	13	1	Q0	3.0
65c61587f174b2897703746f	3	0	Q2	4.0
65c61587f174b2897703746f	3	0	Q6	2.0
65c61587f174b2897703746f	3	0	Q7	3.0
65c61587f174b2897703746f	3	0	Q8	4.0
65c61587f174b2897703746f	3	0	Q0	1.0
65c61b9bf174b28977037476	11	1	Q1	2.0
65c61b9bf174b28977037476	11	1	Q2	4.0
65c61b9bf174b28977037476	11	1	Q3	3.0
65c61b9bf174b28977037476	11	1	Q4	2.0
65c61b9bf174b28977037476	11	1	Q5	2.0
65c61b9bf174b28977037476	11	1	Q6	3.0
65c61b9bf174b28977037476	11	1	Q7	4.0
65c61b9bf174b28977037476	11	1	Q8	4.0
65c61b9bf174b28977037476	11	1	Q0	2.0
65c6213df174b2897703747f	2	0	Q2	2.0
65c6213df174b2897703747f	2	0	Q6	2.0
65c6213df174b2897703747f	2	0	Q7	4.0
65c6213df174b2897703747f	2	0	Q8	4.0
65c6213df174b2897703747f	2	0	Q0	1.0
65c622bff174b28977037486	2	1	Q1	1.0
65c622bff174b28977037486	2	1	Q2	4.0
65c622bff174b28977037486	2	1	Q3	4.0
65c622bff174b28977037486	2	1	Q4	1.0
65c622bff174b28977037486	2	1	Q5	3.0
65c622bff174b28977037486	2	1	Q6	4.0
65c622bff174b28977037486	2	1	Q7	4.0
65c622bff174b28977037486	2	1	Q8	1.0
65c622bff174b28977037486	2	1	Q0	2.0
65c6356ef174b28977037493	22	1	Q1	4.0
65c6356ef174b28977037493	22	1	Q2	4.0
65c6356ef174b28977037493	22	1	Q3	3.0
65c6356ef174b28977037493	22	1	Q4	3.0
65c6356ef174b28977037493	22	1	Q5	3.0
65c6356ef174b28977037493	22	1	Q6	1.0
65c6356ef174b28977037493	22	1	Q7	1.0
65c6356ef174b28977037493	22	1	Q8	1.0
65c6356ef174b28977037493	22	1	Q0	4.0
65c64d82f174b2897703749a	22	1	Q1	4.0
65c64d82f174b2897703749a	22	1	Q2	3.0
65c64d82f174b2897703749a	22	1	Q3	1.0
65c64d82f174b2897703749a	22	1	Q4	1.0
65c64d82f174b2897703749a	22	1	Q5	3.0
65c64d82f174b2897703749a	22	1	Q6	3.0
65c64d82f174b2897703749a	22	1	Q7	1.0
65c64d82f174b2897703749a	22	1	Q8	2.0
65c64d82f174b2897703749a	22	1	Q0	2.0
65c65992f174b289770374aa	22	0	Q2	4.0
65c65992f174b289770374aa	22	0	Q6	4.0
65c65992f174b289770374aa	22	0	Q7	4.0
65c65992f174b289770374aa	22	0	Q8	3.0
65c65992f174b289770374aa	22	0	Q0	3.0
65c666e9f174b289770374b3	22	1	Q1	1.0
65c666e9f174b289770374b3	22	1	Q2	2.0
65c666e9f174b289770374b3	22	1	Q3	3.0
65c666e9f174b289770374b3	22	1	Q4	2.0
65c666e9f174b289770374b3	22	1	Q5	4.0
65c666e9f174b289770374b3	22	1	Q6	3.0
65c666e9f174b289770374b3	22	1	Q7	4.0
65c666e9f174b289770374b3	22	1	Q8	3.0
65c666e9f174b289770374b3	22	1	Q0	2.0
65c68f93f174b289770374c1	3	2	Q1	2.0
65c68f93f174b289770374c1	3	2	Q2	1.0
65c68f93f174b289770374c1	3	2	Q3	2.0
65c68f93f174b289770374c1	3	2	Q4	4.0
65c68f93f174b289770374c1	3	2	Q5	2.0
65c68f93f174b289770374c1	3	2	Q6	2.0
65c68f93f174b289770374c1	3	2	Q7	4.0
65c68f93f174b289770374c1	3	2	Q8	2.0
65c68f93f174b289770374c1	3	2	Q0	3.0
65c6fffdf174b289770374cd	7	1	Q1	2.0
65c6fffdf174b289770374cd	7	1	Q2	3.0
65c6fffdf174b289770374cd	7	1	Q3	1.0
65c6fffdf174b289770374cd	7	1	Q4	1.0
65c6fffdf174b289770374cd	7	1	Q5	3.0
65c6fffdf174b289770374cd	7	1	Q6	1.0
65c6fffdf174b289770374cd	7	1	Q7	4.0
65c6fffdf174b289770374cd	7	1	Q8	3.0
65c6fffdf174b289770374cd	7	1	Q0	4.0
65c701b4f174b289770374d4	7	1	Q1	4.0
65c701b4f174b289770374d4	7	1	Q2	2.0
65c701b4f174b289770374d4	7	1	Q3	3.0
65c701b4f174b289770374d4	7	1	Q4	3.0
65c701b4f174b289770374d4	7	1	Q5	4.0
65c701b4f174b289770374d4	7	1	Q6	1.0
65c701b4f174b289770374d4	7	1	Q7	2.0
65c701b4f174b289770374d4	7	1	Q8	1.0
65c701b4f174b289770374d4	7	1	Q0	3.0
65c70385f174b289770374db	7	0	Q2	3.0
65c70385f174b289770374db	7	0	Q6	2.0
65c70385f174b289770374db	7	0	Q7	4.0
65c70385f174b289770374db	7	0	Q8	3.0
65c70385f174b289770374db	7	0	Q0	1.0
65c706f8f174b289770374e4	7	2	Q1	4.0
65c706f8f174b289770374e4	7	2	Q2	1.0
65c706f8f174b289770374e4	7	2	Q3	2.0
65c706f8f174b289770374e4	7	2	Q4	3.0
65c706f8f174b289770374e4	7	2	Q5	3.0
65c706f8f174b289770374e4	7	2	Q6	3.0
65c706f8f174b289770374e4	7	2	Q7	4.0
65c706f8f174b289770374e4	7	2	Q8	4.0
65c706f8f174b289770374e4	7	2	Q0	1.0
65c709e9f174b289770374ec	7	2	Q1	3.0
65c709e9f174b289770374ec	7	2	Q2	4.0
65c709e9f174b289770374ec	7	2	Q3	4.0
65c709e9f174b289770374ec	7	2	Q4	2.0
65c709e9f174b289770374ec	7	2	Q5	3.0
65c709e9f174b289770374ec	7	2	Q6	2.0
65c709e9f174b289770374ec	7	2	Q7	1.0
65c709e9f174b289770374ec	7	2	Q8	3.0
65c709e9f174b289770374ec	7	2	Q0	4.0
65c70e7df174b289770374f6	7	2	Q1	2.0
65c70e7df174b289770374f6	7	2	Q2	3.0
65c70e7df174b289770374f6	7	2	Q3	2.0
65c70e7df174b289770374f6	7	2	Q4	4.0
65c70e7df174b289770374f6	7	2	Q5	1.0
65c70e7df174b289770374f6	7	2	Q6	4.0
65c70e7df174b289770374f6	7	2	Q7	4.0
65c70e7df174b289770374f6	7	2	Q8	1.0
65c70e7df174b289770374f6	7	2	Q0	4.0
65c71597f174b289770374ff	3	0	Q2	2.0
65c71597f174b289770374ff	3	0	Q6	4.0
65c71597f174b289770374ff	3	0	Q7	4.0
65c71597f174b289770374ff	3	0	Q8	4.0
65c71597f174b289770374ff	3	0	Q0	2.0
65c71946f174b2897703750e	3	2	Q1	4.0
65c71946f174b2897703750e	3	2	Q2	1.0
65c71946f174b2897703750e	3	2	Q3	4.0
65c71946f174b2897703750e	3	2	Q4	2.0
65c71946f174b2897703750e	3	2	Q5	1.0
65c71946f174b2897703750e	3	2	Q6	2.0
65c71946f174b2897703750e	3	2	Q7	1.0
65c71946f174b2897703750e	3	2	Q8	4.0
65c71946f174b2897703750e	3	2	Q0	3.0
65c71e43f174b2897703751e	3	2	Q1	2.0
65c71e43f174b2897703751e	3	2	Q2	1.0
65c71e43f174b2897703751e	3	2	Q3	4.0
65c71e43f174b2897703751e	3	2	Q4	3.0
65c71e43f174b2897703751e	3	2	Q5	1.0
65c71e43f174b2897703751e	3	2	Q6	3.0
65c71e43f174b2897703751e	3	2	Q7	1.0
65c71e43f174b2897703751e	3	2	Q8	2.0
65c71e43f174b2897703751e	3	2	Q0	1.0
65c72472f174b28977037529	3	0	Q2	1.0
65c72472f174b28977037529	3	0	Q6	4.0
65c72472f174b28977037529	3	0	Q7	4.0
65c72472f174b28977037529	3	0	Q8	1.0
65c72472f174b28977037529	3	0	Q0	3.0
65c7269df174b2897703753e	10	0	Q2	4.0
65c7269df174b2897703753e	10	0	Q6	3.0
65c7269df174b2897703753e	10	0	Q7	3.0
65c7269df174b2897703753e	10	0	Q8	3.0
65c7269df174b2897703753e	10	0	Q0	3.0
65c72722f174b28977037547	3	0	Q2	2.0
65c72722f174b28977037547	3	0	Q6	3.0
65c72722f174b28977037547	3	0	Q7	1.0
65c72722f174b28977037547	3	0	Q8	1.0
65c72722f174b28977037547	3	0	Q0	4.0
65c7276bf174b2897703754a	7	1	Q1	4.0
65c7276bf174b2897703754a	7	1	Q2	2.0
65c7276bf174b2897703754a	7	1	Q3	3.0
65c7276bf174b2897703754a	7	1	Q4	2.0
65c7276bf174b2897703754a	7	1	Q5	2.0
65c7276bf174b2897703754a	7	1	Q6	1.0
65c7276bf174b2897703754a	7	1	Q7	2.0
65c7276bf174b2897703754a	7	1	Q8	3.0
65c7276bf174b2897703754a	7	1	Q0	2.0
65c729b5f174b28977037559	7	1	Q1	1.0
65c729b5f174b28977037559	7	1	Q2	4.0
65c729b5f174b28977037559	7	1	Q3	2.0
65c729b5f174b28977037559	7	1	Q4	4.0
65c729b5f174b28977037559	7	1	Q5	4.0
65c729b5f174b28977037559	7	1	Q6	1.0
65c729b5f174b28977037559	7	1	Q7	1.0
65c729b5f174b28977037559	7	1	Q8	1.0
65c729b5f174b28977037559	7	1	Q0	4.0
65c72a1af174b2897703755b	3	1	Q1	1.0
65c72a1af174b2897703755b	3	1	Q2	2.0
65c72a1af174b2897703755b	3	1	Q3	1.0
65c72a1af174b2897703755b	3	1	Q4	1.0
65c72a1af174b2897703755b	3	1	Q5	1.0
65c72a1af174b2897703755b	3	1	Q6	3.0
65c72a1af174b2897703755b	3	1	Q7	3.0
65c72a1af174b2897703755b	3	1	Q8	3.0
65c72a1af174b2897703755b	3	1	Q0	1.0
65c73027f174b28977037564	3	1	Q1	2.0
65c73027f174b28977037564	3	1	Q2	4.0
65c73027f174b28977037564	3	1	Q3	4.0
65c73027f174b28977037564	3	1	Q4	1.0
65c73027f174b28977037564	3	1	Q5	3.0
65c73027f174b28977037564	3	1	Q6	2.0
65c73027f174b28977037564	3	1	Q7	4.0
65c73027f174b28977037564	3	1	Q8	1.0
65c73027f174b28977037564	3	1	Q0	4.0
65c73512f174b2897703756c	10	2	Q1	1.0
65c73512f174b2897703756c	10	2	Q2	3.0
65c73512f174b2897703756c	10	2	Q3	1.0
65c73512f174b2897703756c	10	2	Q4	2.0
65c73512f174b2897703756c	10	2	Q5	3.0
65c73512f174b2897703756c	10	2	Q6	3.0
65c73512f174b2897703756c	10	2	Q7	1.0
65c73512f174b2897703756c	10	2	Q8	1.0
65c73512f174b2897703756c	10	2	Q0	4.0
65c7374ff174b2897703757b	10	2	Q1	3.0
65c7374ff174b2897703757b	10	2	Q2	4.0
65c7374ff174b2897703757b	10	2	Q3	1.0
65c7374ff174b2897703757b	10	2	Q4	1.0
65c7374ff174b2897703757b	10	2	Q5	3.0
65c7374ff174b2897703757b	10	2	Q6	4.0
65c7374ff174b2897703757b	10	2	Q7	3.0
65c7374ff174b2897703757b	10	2	Q8	4.0
65c7374ff174b2897703757b	10	2	Q0	4.0
65c73879f174b28977037586	10	0	Q2	2.0
65c73879f174b28977037586	10	0	Q6	2.0
65c73879f174b28977037586	10	0	Q7	2.0
65c73879f174b28977037586	10	0	Q8	4.0
65c73879f174b28977037586	10	0	Q0	3.0
65c7387ef174b28977037588	3	1	Q1	4.0
65c7387ef174b28977037588	3	1	Q2	3.0
65c7387ef174b28977037588	3	1	Q3	2.0
65c7387ef174b28977037588	3	1	Q4	3.0
65c7387ef174b28977037588	3	1	Q5	2.0
65c7387ef174b28977037588	3	1	Q6	3.0
65c7387ef174b28977037588	3	1	Q7	2.0
65c7387ef174b28977037588	3	1	Q8	1.0
65c7387ef174b28977037588	3	1	Q0	1.0
65c73a1cf174b28977037591	7	2	Q1	4.0
65c73a1cf174b28977037591	7	2	Q2	3.0
65c73a1cf174b28977037591	7	2	Q3	4.0
65c73a1cf174b28977037591	7	2	Q4	2.0
65c73a1cf174b28977037591	7	2	Q5	4.0
65c73a1cf174b28977037591	7	2	Q6	3.0
65c73a1cf174b28977037591	7	2	Q7	1.0
65c73a1cf174b28977037591	7	2	Q8	2.0
65c73a1cf174b28977037591	7	2	Q0	3.0
65c74569f174b28977037599	3	1	Q1	1.0
65c74569f174b28977037599	3	1	Q2	2.0
65c74569f174b28977037599	3	1	Q3	2.0
65c74569f174b28977037599	3	1	Q4	3.0
65c74569f174b28977037599	3	1	Q5	2.0
65c74569f174b28977037599	3	1	Q6	2.0
65c74569f174b28977037599	3	1	Q7	4.0
65c74569f174b28977037599	3	1	Q8	2.0
65c74569f174b28977037599	3	1	Q0	4.0
65c76b8ef174b289770375a3	7	1	Q1	1.0
65c76b8ef174b289770375a3	7	1	Q2	1.0
65c76b8ef174b289770375a3	7	1	Q3	3.0
65c76b8ef174b289770375a3	7	1	Q4	2.0
65c76b8ef174b289770375a3	7	1	Q5	2.0
65c76b8ef174b289770375a3	7	1	Q6	2.0
65c76b8ef174b289770375a3	7	1	Q7	2.0
65c76b8ef174b289770375a3	7	1	Q8	4.0
65c76b8ef174b289770375a3	7	1	Q0	2.0
65c7770cf174b289770375ab	7	2	Q1	2.0
65c7770cf174b289770375ab	7	2	Q2	3.0
65c7770cf174b289770375ab	7	2	Q3	3.0
65c7770cf174b289770375ab	7	2	Q4	3.0
65c7770cf174b289770375ab	7	2	Q5	1.0
65c7770cf174b289770375ab	7	2	Q6	1.0
65c7770cf174b289770375ab	7	2	Q7	4.0
65c7770cf174b289770375ab	7	2	Q8	4.0
65c7770cf174b289770375ab	7	2	Q0	4.0
65c7b249f174b289770375b8	18	0	Q2	2.0
65c7b249f174b289770375b8	18	0	Q6	3.0
65c7b249f174b289770375b8	18	0	Q7	4.0
65c7b249f174b289770375b8	18	0	Q8	1.0
65c7b249f174b289770375b8	18	0	Q0	1.0
65c7b5cbf174b289770375c0	18	2	Q1	4.0
65c7b5cbf174b289770375c0	18	2	Q2	2.0
65c7b5cbf174b289770375c0	18	2	Q3	3.0
65c7b5cbf174b289770375c0	18	2	Q4	3.0
65c7b5cbf174b289770375c0	18	2	Q5	2.0
65c7b5cbf174b289770375c0	18	2	Q6	4.0
65c7b5cbf174b289770375c0	18	2	Q7	1.0
65c7b5cbf174b289770375c0	18	2	Q8	2.0
65c7b5cbf174b289770375c0	18	2	Q0	2.0
65c7bcc7f174b289770375d4	18	0	Q2	2.0
65c7bcc7f174b289770375d4	18	0	Q6	1.0
65c7bcc7f174b289770375d4	18	0	Q7	4.0
65c7bcc7f174b289770375d4	18	0	Q8	3.0
65c7bcc7f174b289770375d4	18	0	Q0	3.0
65c7bf51f174b289770375e3	18	1	Q1	1.0
65c7bf51f174b289770375e3	18	1	Q2	2.0
65c7bf51f174b289770375e3	18	1	Q3	2.0
65c7bf51f174b289770375e3	18	1	Q4	3.0
65c7bf51f174b289770375e3	18	1	Q5	2.0
65c7bf51f174b289770375e3	18	1	Q6	4.0
65c7bf51f174b289770375e3	18	1	Q7	2.0
65c7bf51f174b289770375e3	18	1	Q8	1.0
65c7bf51f174b289770375e3	18	1	Q0	1.0
65c7c103f174b289770375f1	18	2	Q1	2.0
65c7c103f174b289770375f1	18	2	Q2	4.0
65c7c103f174b289770375f1	18	2	Q3	3.0
65c7c103f174b289770375f1	18	2	Q4	3.0
65c7c103f174b289770375f1	18	2	Q5	3.0
65c7c103f174b289770375f1	18	2	Q6	1.0
65c7c103f174b289770375f1	18	2	Q7	1.0
65c7c103f174b289770375f1	18	2	Q8	3.0
65c7c103f174b289770375f1	18	2	Q0	3.0
65c7c59ff174b289770375f8	18	0	Q2	1.0
65c7c59ff174b289770375f8	18	0	Q6	2.0
65c7c59ff174b289770375f8	18	0	Q7	1.0
65c7c59ff174b289770375f8	18	0	Q8	1.0
65c7c59ff174b289770375f8	18	0	Q0	3.0
65c7da9bf174b289770375fc	3	2	Q1	3.0
65c7da9bf174b289770375fc	3	2	Q2	3.0
65c7da9bf174b289770375fc	3	2	Q3	2.0
65c7da9bf174b289770375fc	3	2	Q4	2.0
65c7da9bf174b289770375fc	3	2	Q5	2.0
65c7da9bf174b289770375fc	3	2	Q6	1.0
65c7da9bf174b289770375fc	3	2	Q7	1.0
65c7da9bf174b289770375fc	3	2	Q8	2.0
65c7da9bf174b289770375fc	3	2	Q0	2.0
65c7dcdaf174b28977037605	3	0	Q2	1.0
65c7dcdaf174b28977037605	3	0	Q6	1.0
65c7dcdaf174b28977037605	3	0	Q7	1.0
65c7dcdaf174b28977037605	3	0	Q8	4.0
65c7dcdaf174b28977037605	3	0	Q0	1.0
65c7e116f174b28977037610	3	1	Q1	3.0
65c7e116f174b28977037610	3	1	Q2	4.0
65c7e116f174b28977037610	3	1	Q3	1.0
65c7e116f174b28977037610	3	1	Q4	4.0
65c7e116f174b28977037610	3	1	Q5	3.0
65c7e116f174b28977037610	3	1	Q6	3.0
65c7e116f174b28977037610	3	1	Q7	4.0
65c7e116f174b28977037610	3	1	Q8	3.0
65c7e116f174b28977037610	3	1	Q0	4.0
65c7e363f174b2897703761b	3	1	Q1	3.0
65c7e363f174b2897703761b	3	1	Q2	4.0
65c7e363f174b2897703761b	3	1	Q3	2.0
65c7e363f174b2897703761b	3	1	Q4	4.0
65c7e363f174b2897703761b	3	1	Q5	4.0
65c7e363f174b2897703761b	3	1	Q6	3.0
65c7e363f174b2897703761b	3	1	Q7	3.0
65c7e363f174b2897703761b	3	1	Q8	2.0
65c7e363f174b2897703761b	3	1	Q0	2.0
65c7e61df174b28977037629	3	1	Q1	1.0
65c7e61df174b28977037629	3	1	Q2	3.0
65c7e61df174b28977037629	3	1	Q3	3.0
65c7e61df174b28977037629	3	1	Q4	2.0
65c7e61df174b28977037629	3	1	Q5	3.0
65c7e61df174b28977037629	3	1	Q6	1.0
65c7e61df174b28977037629	3	1	Q7	1.0
65c7e61df174b28977037629	3	1	Q8	2.0
65c7e61df174b28977037629	3	1	Q0	2.0
65c8df27f174b28977037641	23	2	Q1	4.0
65c8df27f174b28977037641	23	2	Q2	3.0
65c8df27f174b28977037641	23	2	Q3	1.0
65c8df27f174b28977037641	23	2	Q4	2.0
65c8df27f174b28977037641	23	2	Q5	1.0
65c8df27f174b28977037641	23	2	Q6	4.0
65c8df27f174b28977037641	23	2	Q7	2.0
65c8df27f174b28977037641	23	2	Q8	3.0
65c8df27f174b28977037641	23	2	Q0	2.0
65c8ee9ff174b28977037645	22	0	Q2	3.0
65c8ee9ff174b28977037645	22	0	Q6	4.0
65c8ee9ff174b28977037645	22	0	Q7	4.0
65c8ee9ff174b28977037645	22	0	Q8	1.0
65c8ee9ff174b28977037645	22	0	Q0	4.0
65c8ffd5f174b28977037654	23	1	Q1	1.0
65c8ffd5f174b28977037654	23	1	Q2	2.0
65c8ffd5f174b28977037654	23	1	Q3	3.0
65c8ffd5f174b28977037654	23	1	Q4	2.0
65c8ffd5f174b28977037654	23	1	Q5	1.0
65c8ffd5f174b28977037654	23	1	Q6	2.0
65c8ffd5f174b28977037654	23	1	Q7	4.0
65c8ffd5f174b28977037654	23	1	Q8	3.0
65c8ffd5f174b28977037654	23	1	Q0	1.0
65c90311f174b2897703765d	22	1	Q1	1.0
65c90311f174b2897703765d	22	1	Q2	1.0
65c90311f174b2897703765d	22	1	Q3	2.0
65c90311f174b2897703765d	22	1	Q4	1.0
65c90311f174b2897703765d	22	1	Q5	1.0
65c90311f174b2897703765d	22	1	Q6	3.0
65c90311f174b2897703765d	22	1	Q7	1.0
65c90311f174b2897703765d	22	1	Q8	4.0
65c90311f174b2897703765d	22	1	Q0	4.0
65c903e2f174b28977037665	23	1	Q1	4.0
65c903e2f174b28977037665	23	1	Q2	2.0
65c903e2f174b28977037665	23	1	Q3	2.0
65c903e2f174b28977037665	23	1	Q4	1.0
65c903e2f174b28977037665	23	1	Q5	1.0
65c903e2f174b28977037665	23	1	Q6	2.0
65c903e2f174b28977037665	23	1	Q7	4.0
65c903e2f174b28977037665	23	1	Q8	1.0
65c903e2f174b28977037665	23	1	Q0	3.0
65c907cdf174b2897703766d	22	0	Q2	2.0
65c907cdf174b2897703766d	22	0	Q6	3.0
65c907cdf174b2897703766d	22	0	Q7	1.0
65c907cdf174b2897703766d	22	0	Q8	1.0
65c907cdf174b2897703766d	22	0	Q0	3.0
65c95f37f174b28977037681	15	1	Q1	3.0
65c95f37f174b28977037681	15	1	Q2	4.0
65c95f37f174b28977037681	15	1	Q3	1.0
65c95f37f174b28977037681	15	1	Q4	2.0
65c95f37f174b28977037681	15	1	Q5	1.0
65c95f37f174b28977037681	15	1	Q6	4.0
65c95f37f174b28977037681	15	1	Q7	4.0
65c95f37f174b28977037681	15	1	Q8	3.0
65c95f37f174b28977037681	15	1	Q0	1.0
65c96204f174b28977037687	15	2	Q1	3.0
65c96204f174b28977037687	15	2	Q2	1.0
65c96204f174b28977037687	15	2	Q3	4.0
65c96204f174b28977037687	15	2	Q4	2.0
65c96204f174b28977037687	15	2	Q5	1.0
65c96204f174b28977037687	15	2	Q6	4.0
65c96204f174b28977037687	15	2	Q7	1.0
65c96204f174b28977037687	15	2	Q8	4.0
65c96204f174b28977037687	15	2	Q0	4.0
65c964abf174b2897703768c	15	1	Q1	3.0
65c964abf174b2897703768c	15	1	Q2	1.0
65c964abf174b2897703768c	15	1	Q3	1.0
65c964abf174b2897703768c	15	1	Q4	3.0
65c964abf174b2897703768c	15	1	Q5	4.0
65c964abf174b2897703768c	15	1	Q6	2.0
65c964abf174b2897703768c	15	1	Q7	2.0
65c964abf174b2897703768c	15	1	Q8	1.0
65c964abf174b2897703768c	15	1	Q0	4.0
65c96644f174b28977037693	15	2	Q1	4.0
65c96644f174b28977037693	15	2	Q2	3.0
65c96644f174b28977037693	15	2	Q3	2.0
65c96644f174b28977037693	15	2	Q4	4.0
65c96644f174b28977037693	15	2	Q5	2.0
65c96644f174b28977037693	15	2	Q6	1.0
65c96644f174b28977037693	15	2	Q7	4.0
65c96644f174b28977037693	15	2	Q8	3.0
65c96644f174b28977037693	15	2	Q0	3.0
65c966f2f174b28977037698	15	2	Q1	1.0
65c966f2f174b28977037698	15	2	Q2	2.0
65c966f2f174b28977037698	15	2	Q3	1.0
65c966f2f174b28977037698	15	2	Q4	2.0
65c966f2f174b28977037698	15	2	Q5	2.0
65c966f2f174b28977037698	15	2	Q6	3.0
65c966f2f174b28977037698	15	2	Q7	4.0
65c966f2f174b28977037698	15	2	Q8	4.0
65c966f2f174b28977037698	15	2	Q0	4.0
65c99858f174b289770376a2	15	0	Q2	2.0
65c99858f174b289770376a2	15	0	Q6	3.0
65c99858f174b289770376a2	15	0	Q7	4.0
65c99858f174b289770376a2	15	0	Q8	4.0
65c99858f174b289770376a2	15	0	Q0	2.0
65c99962f174b289770376a7	15	1	Q1	1.0
65c99962f174b289770376a7	15	1	Q2	1.0
65c99962f174b289770376a7	15	1	Q3	2.0
65c99962f174b289770376a7	15	1	Q4	3.0
65c99962f174b289770376a7	15	1	Q5	4.0
65c99962f174b289770376a7	15	1	Q6	2.0
65c99962f174b289770376a7	15	1	Q7	4.0
65c99962f174b289770376a7	15	1	Q8	4.0
65c99962f174b289770376a7	15	1	Q0	2.0
65c99f2df174b289770376af	15	0	Q2	3.0
65c99f2df174b289770376af	15	0	Q6	2.0
65c99f2df174b289770376af	15	0	Q7	3.0
65c99f2df174b289770376af	15	0	Q8	1.0
65c99f2df174b289770376af	15	0	Q0	2.0
65c9a1b9f174b289770376b6	15	1	Q1	4.0
65c9a1b9f174b289770376b6	15	1	Q2	1.0
65c9a1b9f174b289770376b6	15	1	Q3	1.0
65c9a1b9f174b289770376b6	15	1	Q4	4.0
65c9a1b9f174b289770376b6	15	1	Q5	2.0
65c9a1b9f174b289770376b6	15	1	Q6	3.0
65c9a1b9f174b289770376b6	15	1	Q7	4.0
65c9a1b9f174b289770376b6	15	1	Q8	2.0
65c9a1b9f174b289770376b6	15	1	Q0	4.0
65c9a360f174b289770376bf	15	2	Q1	3.0
65c9a360f174b289770376bf	15	2	Q2	3.0
65c9a360f174b289770376bf	15	2	Q3	4.0
65c9a360f174b289770376bf	15	2	Q4	1.0
65c9a360f174b289770376bf	15	2	Q5	3.0
65c9a360f174b289770376bf	15	2	Q6	4.0
65c9a360f174b289770376bf	15	2	Q7	4.0
65c9a360f174b289770376bf	15	2	Q8	3.0
65c9a360f174b289770376bf	15	2	Q0	1.0
65c9a5c0f174b289770376c9	11	0	Q2	2.0
65c9a5c0f174b289770376c9	11	0	Q6	3.0
65c9a5c0f174b289770376c9	11	0	Q7	4.0
65c9a5c0f174b289770376c9	11	0	Q8	3.0
65c9a5c0f174b289770376c9	11	0	Q0	2.0
65c9ab5ef174b289770376d8	15	2	Q1	2.0
65c9ab5ef174b289770376d8	15	2	Q2	3.0
65c9ab5ef174b289770376d8	15	2	Q3	2.0
65c9ab5ef174b289770376d8	15	2	Q4	3.0
65c9ab5ef174b289770376d8	15	2	Q5	3.0
65c9ab5ef174b289770376d8	15	2	Q6	4.0
65c9ab5ef174b289770376d8	15	2	Q7	1.0
65c9ab5ef174b289770376d8	15	2	Q8	3.0
65c9ab5ef174b289770376d8	15	2	Q0	3.0
65c9ac70f174b289770376e1	15	1	Q1	4.0
65c9ac70f174b289770376e1	15	1	Q2	2.0
65c9ac70f174b289770376e1	15	1	Q3	4.0
65c9ac70f174b289770376e1	15	1	Q4	3.0
65c9ac70f174b289770376e1	15	1	Q5	1.0
65c9ac70f174b289770376e1	15	1	Q6	4.0
65c9ac70f174b289770376e1	15	1	Q7	1.0
65c9ac70f174b289770376e1	15	1	Q8	4.0
65c9ac70f174b289770376e1	15	1	Q0	2.0
65c9aea5f174b289770376f1	7	1	Q1	3.0
65c9aea5f174b289770376f1	7	1	Q2	1.0
65c9aea5f174b289770376f1	7	1	Q3	3.0
65c9aea5f174b289770376f1	7	1	Q4	3.0
65c9aea5f174b289770376f1	7	1	Q5	4.0
65c9aea5f174b289770376f1	7	1	Q6	4.0
65c9aea5f174b289770376f1	7	1	Q7	3.0
65c9aea5f174b289770376f1	7	1	Q8	4.0
65c9aea5f174b289770376f1	7	1	Q0	1.0
65c9af74f174b289770376f4	5	1	Q1	1.0
65c9af74f174b289770376f4	5	1	Q2	1.0
65c9af74f174b289770376f4	5	1	Q3	1.0
65c9af74f174b289770376f4	5	1	Q4	2.0
65c9af74f174b289770376f4	5	1	Q5	1.0
65c9af74f174b289770376f4	5	1	Q6	4.0
65c9af74f174b289770376f4	5	1	Q7	1.0
65c9af74f174b289770376f4	5	1	Q8	4.0
65c9af74f174b289770376f4	5	1	Q0	4.0
65c9b0eef174b289770376fb	12	1	Q1	4.0
65c9b0eef174b289770376fb	12	1	Q2	1.0
65c9b0eef174b289770376fb	12	1	Q3	2.0
65c9b0eef174b289770376fb	12	1	Q4	2.0
65c9b0eef174b289770376fb	12	1	Q5	3.0
65c9b0eef174b289770376fb	12	1	Q6	4.0
65c9b0eef174b289770376fb	12	1	Q7	1.0
65c9b0eef174b289770376fb	12	1	Q8	4.0
65c9b0eef174b289770376fb	12	1	Q0	2.0
65c9b257f174b28977037706	10	0	Q2	1.0
65c9b257f174b28977037706	10	0	Q6	1.0
65c9b257f174b28977037706	10	0	Q7	2.0
65c9b257f174b28977037706	10	0	Q8	4.0
65c9b257f174b28977037706	10	0	Q0	4.0
65c9b28ef174b2897703770b	15	2	Q1	2.0
65c9b28ef174b2897703770b	15	2	Q2	2.0
65c9b28ef174b2897703770b	15	2	Q3	3.0
65c9b28ef174b2897703770b	15	2	Q4	2.0
65c9b28ef174b2897703770b	15	2	Q5	2.0
65c9b28ef174b2897703770b	15	2	Q6	4.0
65c9b28ef174b2897703770b	15	2	Q7	3.0
65c9b28ef174b2897703770b	15	2	Q8	1.0
65c9b28ef174b2897703770b	15	2	Q0	4.0
65c9b2abf174b2897703770d	11	1	Q1	4.0
65c9b2abf174b2897703770d	11	1	Q2	3.0
65c9b2abf174b2897703770d	11	1	Q3	2.0
65c9b2abf174b2897703770d	11	1	Q4	2.0
65c9b2abf174b2897703770d	11	1	Q5	1.0
65c9b2abf174b2897703770d	11	1	Q6	3.0
65c9b2abf174b2897703770d	11	1	Q7	1.0
65c9b2abf174b2897703770d	11	1	Q8	1.0
65c9b2abf174b2897703770d	11	1	Q0	2.0
65c9b31ef174b28977037718	15	0	Q2	2.0
65c9b31ef174b28977037718	15	0	Q6	3.0
65c9b31ef174b28977037718	15	0	Q7	4.0
65c9b31ef174b28977037718	15	0	Q8	4.0
65c9b31ef174b28977037718	15	0	Q0	3.0
65c9b444f174b28977037727	15	1	Q1	4.0
65c9b444f174b28977037727	15	1	Q2	4.0
65c9b444f174b28977037727	15	1	Q3	3.0
65c9b444f174b28977037727	15	1	Q4	3.0
65c9b444f174b28977037727	15	1	Q5	4.0
65c9b444f174b28977037727	15	1	Q6	2.0
65c9b444f174b28977037727	15	1	Q7	1.0
65c9b444f174b28977037727	15	1	Q8	4.0
65c9b444f174b28977037727	15	1	Q0	2.0
65c9b4a0f174b2897703772f	12	2	Q1	1.0
65c9b4a0f174b2897703772f	12	2	Q2	2.0
65c9b4a0f174b2897703772f	12	2	Q3	1.0
65c9b4a0f174b2897703772f	12	2	Q4	2.0
65c9b4a0f174b2897703772f	12	2	Q5	3.0
65c9b4a0f174b2897703772f	12	2	Q6	4.0
65c9b4a0f174b2897703772f	12	2	Q7	1.0
65c9b4a0f174b2897703772f	12	2	Q8	4.0
65c9b4a0f174b2897703772f	12	2	Q0	4.0
65c9b62af174b28977037748	15	1	Q1	1.0
65c9b62af174b28977037748	15	1	Q2	3.0
65c9b62af174b28977037748	15	1	Q3	3.0
65c9b62af174b28977037748	15	1	Q4	3.0
65c9b62af174b28977037748	15	1	Q5	2.0
65c9b62af174b28977037748	15	1	Q6	4.0
65c9b62af174b28977037748	15	1	Q7	3.0
65c9b62af174b28977037748	15	1	Q8	1.0
65c9b62af174b28977037748	15	1	Q0	1.0
65c9b659f174b2897703774d	2	1	Q1	1.0
65c9b659f174b2897703774d	2	1	Q2	1.0
65c9b659f174b2897703774d	2	1	Q3	3.0
65c9b659f174b2897703774d	2	1	Q4	1.0
65c9b659f174b2897703774d	2	1	Q5	1.0
65c9b659f174b2897703774d	2	1	Q6	3.0
65c9b659f174b2897703774d	2	1	Q7	1.0
65c9b659f174b2897703774d	2	1	Q8	3.0
65c9b659f174b2897703774d	2	1	Q0	3.0
65c9b859f174b28977037761	11	0	Q2	2.0
65c9b859f174b28977037761	11	0	Q6	1.0
65c9b859f174b28977037761	11	0	Q7	2.0
65c9b859f174b28977037761	11	0	Q8	1.0
65c9b859f174b28977037761	11	0	Q0	3.0
65c9b861f174b28977037763	10	2	Q1	1.0
65c9b861f174b28977037763	10	2	Q2	3.0
65c9b861f174b28977037763	10	2	Q3	4.0
65c9b861f174b28977037763	10	2	Q4	3.0
65c9b861f174b28977037763	10	2	Q5	3.0
65c9b861f174b28977037763	10	2	Q6	2.0
65c9b861f174b28977037763	10	2	Q7	4.0
65c9b861f174b28977037763	10	2	Q8	3.0
65c9b861f174b28977037763	10	2	Q0	2.0
65c9b894f174b28977037769	2	2	Q1	1.0
65c9b894f174b28977037769	2	2	Q2	1.0
65c9b894f174b28977037769	2	2	Q3	2.0
65c9b894f174b28977037769	2	2	Q4	4.0
65c9b894f174b28977037769	2	2	Q5	4.0
65c9b894f174b28977037769	2	2	Q6	4.0
65c9b894f174b28977037769	2	2	Q7	2.0
65c9b894f174b28977037769	2	2	Q8	1.0
65c9b894f174b28977037769	2	2	Q0	2.0
65c9bac3f174b2897703777e	2	0	Q2	1.0
65c9bac3f174b2897703777e	2	0	Q6	1.0
65c9bac3f174b2897703777e	2	0	Q7	3.0
65c9bac3f174b2897703777e	2	0	Q8	3.0
65c9bac3f174b2897703777e	2	0	Q0	4.0
65c9badaf174b28977037781	10	1	Q1	3.0
65c9badaf174b28977037781	10	1	Q2	4.0
65c9badaf174b28977037781	10	1	Q3	4.0
65c9badaf174b28977037781	10	1	Q4	2.0
65c9badaf174b28977037781	10	1	Q5	1.0
65c9badaf174b28977037781	10	1	Q6	1.0
65c9badaf174b28977037781	10	1	Q7	4.0
65c9badaf174b28977037781	10	1	Q8	1.0
65c9badaf174b28977037781	10	1	Q0	3.0
65c9bb67f174b28977037793	2	0	Q2	4.0
65c9bb67f174b28977037793	2	0	Q6	2.0
65c9bb67f174b28977037793	2	0	Q7	3.0
65c9bb67f174b28977037793	2	0	Q8	4.0
65c9bb67f174b28977037793	2	0	Q0	2.0
65c9bb88f174b28977037799	5	2	Q1	3.0
65c9bb88f174b28977037799	5	2	Q2	2.0
65c9bb88f174b28977037799	5	2	Q3	4.0
65c9bb88f174b28977037799	5	2	Q4	4.0
65c9bb88f174b28977037799	5	2	Q5	1.0
65c9bb88f174b28977037799	5	2	Q6	3.0
65c9bb88f174b28977037799	5	2	Q7	1.0
65c9bb88f174b28977037799	5	2	Q8	1.0
65c9bb88f174b28977037799	5	2	Q0	2.0
65c9bbf2f174b289770377a6	10	0	Q2	4.0
65c9bbf2f174b289770377a6	10	0	Q6	4.0
65c9bbf2f174b289770377a6	10	0	Q7	2.0
65c9bbf2f174b289770377a6	10	0	Q8	1.0
65c9bbf2f174b289770377a6	10	0	Q0	1.0
65c9bc12f174b289770377a9	12	1	Q1	4.0
65c9bc12f174b289770377a9	12	1	Q2	1.0
65c9bc12f174b289770377a9	12	1	Q3	4.0
65c9bc12f174b289770377a9	12	1	Q4	2.0
65c9bc12f174b289770377a9	12	1	Q5	1.0
65c9bc12f174b289770377a9	12	1	Q6	1.0
65c9bc12f174b289770377a9	12	1	Q7	1.0
65c9bc12f174b289770377a9	12	1	Q8	1.0
65c9bc12f174b289770377a9	12	1	Q0	2.0
65c9bce0f174b289770377bd	10	0	Q2	2.0
65c9bce0f174b289770377bd	10	0	Q6	4.0
65c9bce0f174b289770377bd	10	0	Q7	2.0
65c9bce0f174b289770377bd	10	0	Q8	3.0
65c9bce0f174b289770377bd	10	0	Q0	3.0
65c9bd38f174b289770377c2	13	2	Q1	2.0
65c9bd38f174b289770377c2	13	2	Q2	4.0
65c9bd38f174b289770377c2	13	2	Q3	4.0
65c9bd38f174b289770377c2	13	2	Q4	2.0
65c9bd38f174b289770377c2	13	2	Q5	3.0
65c9bd38f174b289770377c2	13	2	Q6	1.0
65c9bd38f174b289770377c2	13	2	Q7	2.0
65c9bd38f174b289770377c2	13	2	Q8	3.0
65c9bd38f174b289770377c2	13	2	Q0	1.0
65c9bde8f174b289770377d8	2	1	Q1	4.0
65c9bde8f174b289770377d8	2	1	Q2	1.0
65c9bde8f174b289770377d8	2	1	Q3	1.0
65c9bde8f174b289770377d8	2	1	Q4	2.0
65c9bde8f174b289770377d8	2	1	Q5	4.0
65c9bde8f174b289770377d8	2	1	Q6	4.0
65c9bde8f174b289770377d8	2	1	Q7	2.0
65c9bde8f174b289770377d8	2	1	Q8	3.0
65c9bde8f174b289770377d8	2	1	Q0	3.0
65c9be48f174b289770377de	15	2	Q1	2.0
65c9be48f174b289770377de	15	2	Q2	2.0
65c9be48f174b289770377de	15	2	Q3	4.0
65c9be48f174b289770377de	15	2	Q4	2.0
65c9be48f174b289770377de	15	2	Q5	3.0
65c9be48f174b289770377de	15	2	Q6	1.0
65c9be48f174b289770377de	15	2	Q7	2.0
65c9be48f174b289770377de	15	2	Q8	3.0
65c9be48f174b289770377de	15	2	Q0	3.0
65c9bec3f174b289770377ee	15	0	Q2	1.0
65c9bec3f174b289770377ee	15	0	Q6	3.0
65c9bec3f174b289770377ee	15	0	Q7	3.0
65c9bec3f174b289770377ee	15	0	Q8	2.0
65c9bec3f174b289770377ee	15	0	Q0	4.0
65c9bf20f174b289770377f7	11	2	Q1	3.0
65c9bf20f174b289770377f7	11	2	Q2	4.0
65c9bf20f174b289770377f7	11	2	Q3	2.0
65c9bf20f174b289770377f7	11	2	Q4	4.0
65c9bf20f174b289770377f7	11	2	Q5	4.0
65c9bf20f174b289770377f7	11	2	Q6	4.0
65c9bf20f174b289770377f7	11	2	Q7	1.0
65c9bf20f174b289770377f7	11	2	Q8	4.0
65c9bf20f174b289770377f7	11	2	Q0	1.0
65c9bf9ef174b289770377fe	15	0	Q2	4.0
65c9bf9ef174b289770377fe	15	0	Q6	1.0
65c9bf9ef174b289770377fe	15	0	Q7	4.0
65c9bf9ef174b289770377fe	15	0	Q8	1.0
65c9bf9ef174b289770377fe	15	0	Q0	2.0
65c9bffaf174b28977037806	5	2	Q1	4.0
65c9bffaf174b28977037806	5	2	Q2	1.0
65c9bffaf174b28977037806	5	2	Q3	1.0
65c9bffaf174b28977037806	5	2	Q4	2.0
65c9bffaf174b28977037806	5	2	Q5	4.0
65c9bffaf174b28977037806	5	2	Q6	3.0
65c9bffaf174b28977037806	5	2	Q7	1.0
65c9bffaf174b28977037806	5	2	Q8	3.0
65c9bffaf174b28977037806	5	2	Q0	3.0
65c9c047f174b28977037813	15	1	Q1	1.0
65c9c047f174b28977037813	15	1	Q2	1.0
65c9c047f174b28977037813	15	1	Q3	3.0
65c9c047f174b28977037813	15	1	Q4	3.0
65c9c047f174b28977037813	15	1	Q5	2.0
65c9c047f174b28977037813	15	1	Q6	2.0
65c9c047f174b28977037813	15	1	Q7	1.0
65c9c047f174b28977037813	15	1	Q8	3.0
65c9c047f174b28977037813	15	1	Q0	4.0
65c9c078f174b28977037818	2	2	Q1	2.0
65c9c078f174b28977037818	2	2	Q2	1.0
65c9c078f174b28977037818	2	2	Q3	4.0
65c9c078f174b28977037818	2	2	Q4	1.0
65c9c078f174b28977037818	2	2	Q5	4.0
65c9c078f174b28977037818	2	2	Q6	1.0
65c9c078f174b28977037818	2	2	Q7	2.0
65c9c078f174b28977037818	2	2	Q8	3.0
65c9c078f174b28977037818	2	2	Q0	2.0
65c9c0fcf174b28977037825	15	0	Q2	3.0
65c9c0fcf174b28977037825	15	0	Q6	4.0
65c9c0fcf174b28977037825	15	0	Q7	1.0
65c9c0fcf174b28977037825	15	0	Q8	3.0
65c9c0fcf174b28977037825	15	0	Q0	1.0
65c9c129f174b2897703782a	5	1	Q1	4.0
65c9c129f174b2897703782a	5	1	Q2	1.0
65c9c129f174b2897703782a	5	1	Q3	1.0
65c9c129f174b2897703782a	5	1	Q4	4.0
65c9c129f174b2897703782a	5	1	Q5	3.0
65c9c129f174b2897703782a	5	1	Q6	4.0
65c9c129f174b2897703782a	5	1	Q7	3.0
65c9c129f174b2897703782a	5	1	Q8	2.0
65c9c129f174b2897703782a	5	1	Q0	2.0
65c9c181f174b28977037839	15	0	Q2	4.0
65c9c181f174b28977037839	15	0	Q6	2.0
65c9c181f174b28977037839	15	0	Q7	2.0
65c9c181f174b28977037839	15	0	Q8	2.0
65c9c181f174b28977037839	15	0	Q0	1.0
65c9c22ef174b2897703784e	15	0	Q2	2.0
65c9c22ef174b2897703784e	15	0	Q6	3.0
65c9c22ef174b2897703784e	15	0	Q7	3.0
65c9c22ef174b2897703784e	15	0	Q8	2.0
65c9c22ef174b2897703784e	15	0	Q0	4.0
65c9c29ff174b28977037855	15	0	Q2	2.0
65c9c29ff174b28977037855	15	0	Q6	3.0
65c9c29ff174b28977037855	15	0	Q7	3.0
65c9c29ff174b28977037855	15	0	Q8	2.0
65c9c29ff174b28977037855	15	0	Q0	3.0
65c9c33df174b28977037860	13	2	Q1	2.0
65c9c33df174b28977037860	13	2	Q2	3.0
65c9c33df174b28977037860	13	2	Q3	2.0
65c9c33df174b28977037860	13	2	Q4	4.0
65c9c33df174b28977037860	13	2	Q5	4.0
65c9c33df174b28977037860	13	2	Q6	4.0
65c9c33df174b28977037860	13	2	Q7	4.0
65c9c33df174b28977037860	13	2	Q8	4.0
65c9c33df174b28977037860	13	2	Q0	2.0
65c9c416f174b28977037868	11	2	Q1	3.0
65c9c416f174b28977037868	11	2	Q2	4.0
65c9c416f174b28977037868	11	2	Q3	3.0
65c9c416f174b28977037868	11	2	Q4	1.0
65c9c416f174b28977037868	11	2	Q5	4.0
65c9c416f174b28977037868	11	2	Q6	3.0
65c9c416f174b28977037868	11	2	Q7	3.0
65c9c416f174b28977037868	11	2	Q8	4.0
65c9c416f174b28977037868	11	2	Q0	1.0
65c9c665f174b2897703787e	13	0	Q2	1.0
65c9c665f174b2897703787e	13	0	Q6	2.0
65c9c665f174b2897703787e	13	0	Q7	4.0
65c9c665f174b2897703787e	13	0	Q8	1.0
65c9c665f174b2897703787e	13	0	Q0	3.0
65c9c66df174b28977037880	23	2	Q1	3.0
65c9c66df174b28977037880	23	2	Q2	1.0
65c9c66df174b28977037880	23	2	Q3	3.0
65c9c66df174b28977037880	23	2	Q4	3.0
65c9c66df174b28977037880	23	2	Q5	4.0
65c9c66df174b28977037880	23	2	Q6	2.0
65c9c66df174b28977037880	23	2	Q7	3.0
65c9c66df174b28977037880	23	2	Q8	4.0
65c9c66df174b28977037880	23	2	Q0	4.0
65c9c70ff174b28977037891	12	2	Q1	3.0
65c9c70ff174b28977037891	12	2	Q2	3.0
65c9c70ff174b28977037891	12	2	Q3	4.0
65c9c70ff174b28977037891	12	2	Q4	1.0
65c9c70ff174b28977037891	12	2	Q5	4.0
65c9c70ff174b28977037891	12	2	Q6	1.0
65c9c70ff174b28977037891	12	2	Q7	4.0
65c9c70ff174b28977037891	12	2	Q8	4.0
65c9c70ff174b28977037891	12	2	Q0	1.0
65c9c844f174b289770378b3	13	2	Q1	1.0
65c9c844f174b289770378b3	13	2	Q2	2.0
65c9c844f174b289770378b3	13	2	Q3	3.0
65c9c844f174b289770378b3	13	2	Q4	2.0
65c9c844f174b289770378b3	13	2	Q5	1.0
65c9c844f174b289770378b3	13	2	Q6	4.0
65c9c844f174b289770378b3	13	2	Q7	2.0
65c9c844f174b289770378b3	13	2	Q8	4.0
65c9c844f174b289770378b3	13	2	Q0	3.0
65c9c8b2f174b289770378c3	5	2	Q1	1.0
65c9c8b2f174b289770378c3	5	2	Q2	1.0
65c9c8b2f174b289770378c3	5	2	Q3	2.0
65c9c8b2f174b289770378c3	5	2	Q4	2.0
65c9c8b2f174b289770378c3	5	2	Q5	4.0
65c9c8b2f174b289770378c3	5	2	Q6	2.0
65c9c8b2f174b289770378c3	5	2	Q7	1.0
65c9c8b2f174b289770378c3	5	2	Q8	1.0
65c9c8b2f174b289770378c3	5	2	Q0	2.0
65c9c8c9f174b289770378c7	23	0	Q2	4.0
65c9c8c9f174b289770378c7	23	0	Q6	2.0
65c9c8c9f174b289770378c7	23	0	Q7	2.0
65c9c8c9f174b289770378c7	23	0	Q8	3.0
65c9c8c9f174b289770378c7	23	0	Q0	2.0
65c9c8caf174b289770378c8	11	0	Q2	4.0
65c9c8caf174b289770378c8	11	0	Q6	1.0
65c9c8caf174b289770378c8	11	0	Q7	1.0
65c9c8caf174b289770378c8	11	0	Q8	2.0
65c9c8caf174b289770378c8	11	0	Q0	2.0
65c9c8d9f174b289770378cc	12	1	Q1	4.0
65c9c8d9f174b289770378cc	12	1	Q2	1.0
65c9c8d9f174b289770378cc	12	1	Q3	4.0
65c9c8d9f174b289770378cc	12	1	Q4	4.0
65c9c8d9f174b289770378cc	12	1	Q5	1.0
65c9c8d9f174b289770378cc	12	1	Q6	2.0
65c9c8d9f174b289770378cc	12	1	Q7	2.0
65c9c8d9f174b289770378cc	12	1	Q8	2.0
65c9c8d9f174b289770378cc	12	1	Q0	3.0
65c9caa7f174b289770378e6	12	0	Q2	3.0
65c9caa7f174b289770378e6	12	0	Q6	1.0
65c9caa7f174b289770378e6	12	0	Q7	2.0
65c9caa7f174b289770378e6	12	0	Q8	2.0
65c9caa7f174b289770378e6	12	0	Q0	1.0
65c9caaef174b289770378e8	13	2	Q1	1.0
65c9caaef174b289770378e8	13	2	Q2	2.0
65c9caaef174b289770378e8	13	2	Q3	2.0
65c9caaef174b289770378e8	13	2	Q4	3.0
65c9caaef174b289770378e8	13	2	Q5	3.0
65c9caaef174b289770378e8	13	2	Q6	2.0
65c9caaef174b289770378e8	13	2	Q7	2.0
65c9caaef174b289770378e8	13	2	Q8	4.0
65c9caaef174b289770378e8	13	2	Q0	4.0
65c9ccbcf174b289770378f7	22	2	Q1	3.0
65c9ccbcf174b289770378f7	22	2	Q2	3.0
65c9ccbcf174b289770378f7	22	2	Q3	2.0
65c9ccbcf174b289770378f7	22	2	Q4	3.0
65c9ccbcf174b289770378f7	22	2	Q5	2.0
65c9ccbcf174b289770378f7	22	2	Q6	1.0
65c9ccbcf174b289770378f7	22	2	Q7	3.0
65c9ccbcf174b289770378f7	22	2	Q8	1.0
65c9ccbcf174b289770378f7	22	2	Q0	4.0
65c9cccaf174b289770378f9	12	2	Q1	3.0
65c9cccaf174b289770378f9	12	2	Q2	3.0
65c9cccaf174b289770378f9	12	2	Q3	3.0
65c9cccaf174b289770378f9	12	2	Q4	4.0
65c9cccaf174b289770378f9	12	2	Q5	1.0
65c9cccaf174b289770378f9	12	2	Q6	1.0
65c9cccaf174b289770378f9	12	2	Q7	2.0
65c9cccaf174b289770378f9	12	2	Q8	3.0
65c9cccaf174b289770378f9	12	2	Q0	2.0
65c9ccf8f174b289770378fe	7	1	Q1	2.0
65c9ccf8f174b289770378fe	7	1	Q2	4.0
65c9ccf8f174b289770378fe	7	1	Q3	2.0
65c9ccf8f174b289770378fe	7	1	Q4	1.0
65c9ccf8f174b289770378fe	7	1	Q5	1.0
65c9ccf8f174b289770378fe	7	1	Q6	2.0
65c9ccf8f174b289770378fe	7	1	Q7	4.0
65c9ccf8f174b289770378fe	7	1	Q8	3.0
65c9ccf8f174b289770378fe	7	1	Q0	4.0
65c9cfb3f174b28977037906	23	2	Q1	4.0
65c9cfb3f174b28977037906	23	2	Q2	3.0
65c9cfb3f174b28977037906	23	2	Q3	1.0
65c9cfb3f174b28977037906	23	2	Q4	2.0
65c9cfb3f174b28977037906	23	2	Q5	3.0
65c9cfb3f174b28977037906	23	2	Q6	3.0
65c9cfb3f174b28977037906	23	2	Q7	3.0
65c9cfb3f174b28977037906	23	2	Q8	1.0
65c9cfb3f174b28977037906	23	2	Q0	1.0
65c9d78ff174b28977037916	15	0	Q2	3.0
65c9d78ff174b28977037916	15	0	Q6	3.0
65c9d78ff174b28977037916	15	0	Q7	3.0
65c9d78ff174b28977037916	15	0	Q8	2.0
65c9d78ff174b28977037916	15	0	Q0	4.0
65c9d7c6f174b2897703791b	10	0	Q2	3.0
65c9d7c6f174b2897703791b	10	0	Q6	3.0
65c9d7c6f174b2897703791b	10	0	Q7	3.0
65c9d7c6f174b2897703791b	10	0	Q8	4.0
65c9d7c6f174b2897703791b	10	0	Q0	1.0
65c9d7f6f174b28977037923	15	0	Q2	3.0
65c9d7f6f174b28977037923	15	0	Q6	2.0
65c9d7f6f174b28977037923	15	0	Q7	1.0
65c9d7f6f174b28977037923	15	0	Q8	3.0
65c9d7f6f174b28977037923	15	0	Q0	4.0
65c9d8e5f174b28977037939	15	1	Q1	3.0
65c9d8e5f174b28977037939	15	1	Q2	2.0
65c9d8e5f174b28977037939	15	1	Q3	3.0
65c9d8e5f174b28977037939	15	1	Q4	1.0
65c9d8e5f174b28977037939	15	1	Q5	3.0
65c9d8e5f174b28977037939	15	1	Q6	3.0
65c9d8e5f174b28977037939	15	1	Q7	3.0
65c9d8e5f174b28977037939	15	1	Q8	1.0
65c9d8e5f174b28977037939	15	1	Q0	4.0
65c9da77f174b28977037941	10	1	Q1	4.0
65c9da77f174b28977037941	10	1	Q2	1.0
65c9da77f174b28977037941	10	1	Q3	1.0
65c9da77f174b28977037941	10	1	Q4	3.0
65c9da77f174b28977037941	10	1	Q5	3.0
65c9da77f174b28977037941	10	1	Q6	4.0
65c9da77f174b28977037941	10	1	Q7	3.0
65c9da77f174b28977037941	10	1	Q8	1.0
65c9da77f174b28977037941	10	1	Q0	4.0
65c9db5df174b2897703794a	10	0	Q2	3.0
65c9db5df174b2897703794a	10	0	Q6	3.0
65c9db5df174b2897703794a	10	0	Q7	3.0
65c9db5df174b2897703794a	10	0	Q8	3.0
65c9db5df174b2897703794a	10	0	Q0	2.0
65c9dd5df174b28977037959	10	1	Q1	1.0
65c9dd5df174b28977037959	10	1	Q2	4.0
65c9dd5df174b28977037959	10	1	Q3	2.0
65c9dd5df174b28977037959	10	1	Q4	1.0
65c9dd5df174b28977037959	10	1	Q5	3.0
65c9dd5df174b28977037959	10	1	Q6	4.0
65c9dd5df174b28977037959	10	1	Q7	4.0
65c9dd5df174b28977037959	10	1	Q8	3.0
65c9dd5df174b28977037959	10	1	Q0	4.0
65c9dfe8f174b2897703796d	2	0	Q2	4.0
65c9dfe8f174b2897703796d	2	0	Q6	2.0
65c9dfe8f174b2897703796d	2	0	Q7	2.0
65c9dfe8f174b2897703796d	2	0	Q8	3.0
65c9dfe8f174b2897703796d	2	0	Q0	2.0
65c9e011f174b28977037970	10	1	Q1	3.0
65c9e011f174b28977037970	10	1	Q2	1.0
65c9e011f174b28977037970	10	1	Q3	1.0
65c9e011f174b28977037970	10	1	Q4	3.0
65c9e011f174b28977037970	10	1	Q5	2.0
65c9e011f174b28977037970	10	1	Q6	1.0
65c9e011f174b28977037970	10	1	Q7	4.0
65c9e011f174b28977037970	10	1	Q8	3.0
65c9e011f174b28977037970	10	1	Q0	3.0
65c9e093f174b28977037977	13	1	Q1	3.0
65c9e093f174b28977037977	13	1	Q2	4.0
65c9e093f174b28977037977	13	1	Q3	1.0
65c9e093f174b28977037977	13	1	Q4	4.0
65c9e093f174b28977037977	13	1	Q5	3.0
65c9e093f174b28977037977	13	1	Q6	1.0
65c9e093f174b28977037977	13	1	Q7	4.0
65c9e093f174b28977037977	13	1	Q8	2.0
65c9e093f174b28977037977	13	1	Q0	2.0
65c9e0a9f174b2897703797c	11	2	Q1	4.0
65c9e0a9f174b2897703797c	11	2	Q2	4.0
65c9e0a9f174b2897703797c	11	2	Q3	4.0
65c9e0a9f174b2897703797c	11	2	Q4	2.0
65c9e0a9f174b2897703797c	11	2	Q5	2.0
65c9e0a9f174b2897703797c	11	2	Q6	2.0
65c9e0a9f174b2897703797c	11	2	Q7	4.0
65c9e0a9f174b2897703797c	11	2	Q8	2.0
65c9e0a9f174b2897703797c	11	2	Q0	4.0
65c9e117f174b28977037986	2	0	Q2	2.0
65c9e117f174b28977037986	2	0	Q6	4.0
65c9e117f174b28977037986	2	0	Q7	1.0
65c9e117f174b28977037986	2	0	Q8	1.0
65c9e117f174b28977037986	2	0	Q0	3.0
65c9e259f174b28977037999	22	0	Q2	2.0
65c9e259f174b28977037999	22	0	Q6	2.0
65c9e259f174b28977037999	22	0	Q7	1.0
65c9e259f174b28977037999	22	0	Q8	3.0
65c9e259f174b28977037999	22	0	Q0	4.0
65c9e29cf174b2897703799d	10	0	Q2	1.0
65c9e29cf174b2897703799d	10	0	Q6	2.0
65c9e29cf174b2897703799d	10	0	Q7	3.0
65c9e29cf174b2897703799d	10	0	Q8	3.0
65c9e29cf174b2897703799d	10	0	Q0	4.0
65c9e2f0f174b289770379ac	2	0	Q2	1.0
65c9e2f0f174b289770379ac	2	0	Q6	3.0
65c9e2f0f174b289770379ac	2	0	Q7	4.0
65c9e2f0f174b289770379ac	2	0	Q8	3.0
65c9e2f0f174b289770379ac	2	0	Q0	4.0
65c9e3f1f174b289770379c5	13	2	Q1	1.0
65c9e3f1f174b289770379c5	13	2	Q2	2.0
65c9e3f1f174b289770379c5	13	2	Q3	1.0
65c9e3f1f174b289770379c5	13	2	Q4	1.0
65c9e3f1f174b289770379c5	13	2	Q5	2.0
65c9e3f1f174b289770379c5	13	2	Q6	4.0
65c9e3f1f174b289770379c5	13	2	Q7	3.0
65c9e3f1f174b289770379c5	13	2	Q8	4.0
65c9e3f1f174b289770379c5	13	2	Q0	3.0
65c9e3f6f174b289770379c7	5	1	Q1	2.0
65c9e3f6f174b289770379c7	5	1	Q2	2.0
65c9e3f6f174b289770379c7	5	1	Q3	1.0
65c9e3f6f174b289770379c7	5	1	Q4	3.0
65c9e3f6f174b289770379c7	5	1	Q5	1.0
65c9e3f6f174b289770379c7	5	1	Q6	2.0
65c9e3f6f174b289770379c7	5	1	Q7	2.0
65c9e3f6f174b289770379c7	5	1	Q8	4.0
65c9e3f6f174b289770379c7	5	1	Q0	2.0
65c9e49df174b289770379dd	23	1	Q1	1.0
65c9e49df174b289770379dd	23	1	Q2	3.0
65c9e49df174b289770379dd	23	1	Q3	1.0
65c9e49df174b289770379dd	23	1	Q4	4.0
65c9e49df174b289770379dd	23	1	Q5	4.0
65c9e49df174b289770379dd	23	1	Q6	4.0
65c9e49df174b289770379dd	23	1	Q7	1.0
65c9e49df174b289770379dd	23	1	Q8	3.0
65c9e49df174b289770379dd	23	1	Q0	2.0
65c9e4c9f174b289770379e2	5	0	Q2	4.0
65c9e4c9f174b289770379e2	5	0	Q6	2.0
65c9e4c9f174b289770379e2	5	0	Q7	2.0
65c9e4c9f174b289770379e2	5	0	Q8	4.0
65c9e4c9f174b289770379e2	5	0	Q0	1.0
65c9e579f174b289770379f3	5	0	Q2	3.0
65c9e579f174b289770379f3	5	0	Q6	4.0
65c9e579f174b289770379f3	5	0	Q7	2.0
65c9e579f174b289770379f3	5	0	Q8	2.0
65c9e579f174b289770379f3	5	0	Q0	3.0
65c9e641f174b28977037a04	2	0	Q2	4.0
65c9e641f174b28977037a04	2	0	Q6	1.0
65c9e641f174b28977037a04	2	0	Q7	4.0
65c9e641f174b28977037a04	2	0	Q8	1.0
65c9e641f174b28977037a04	2	0	Q0	1.0
65c9e6b5f174b28977037a16	11	1	Q1	2.0
65c9e6b5f174b28977037a16	11	1	Q2	4.0
65c9e6b5f174b28977037a16	11	1	Q3	3.0
65c9e6b5f174b28977037a16	11	1	Q4	2.0
65c9e6b5f174b28977037a16	11	1	Q5	4.0
65c9e6b5f174b28977037a16	11	1	Q6	1.0
65c9e6b5f174b28977037a16	11	1	Q7	4.0
65c9e6b5f174b28977037a16	11	1	Q8	2.0
65c9e6b5f174b28977037a16	11	1	Q0	1.0
65c9e716f174b28977037a23	5	0	Q2	3.0
65c9e716f174b28977037a23	5	0	Q6	1.0
65c9e716f174b28977037a23	5	0	Q7	3.0
65c9e716f174b28977037a23	5	0	Q8	2.0
65c9e716f174b28977037a23	5	0	Q0	1.0
65c9e75bf174b28977037a2e	23	1	Q1	3.0
65c9e75bf174b28977037a2e	23	1	Q2	4.0
65c9e75bf174b28977037a2e	23	1	Q3	4.0
65c9e75bf174b28977037a2e	23	1	Q4	1.0
65c9e75bf174b28977037a2e	23	1	Q5	1.0
65c9e75bf174b28977037a2e	23	1	Q6	4.0
65c9e75bf174b28977037a2e	23	1	Q7	1.0
65c9e75bf174b28977037a2e	23	1	Q8	2.0
65c9e75bf174b28977037a2e	23	1	Q0	3.0
65c9e7d9f174b28977037a3f	2	2	Q1	3.0
65c9e7d9f174b28977037a3f	2	2	Q2	1.0
65c9e7d9f174b28977037a3f	2	2	Q3	4.0
65c9e7d9f174b28977037a3f	2	2	Q4	4.0
65c9e7d9f174b28977037a3f	2	2	Q5	2.0
65c9e7d9f174b28977037a3f	2	2	Q6	3.0
65c9e7d9f174b28977037a3f	2	2	Q7	3.0
65c9e7d9f174b28977037a3f	2	2	Q8	4.0
65c9e7d9f174b28977037a3f	2	2	Q0	4.0
65c9e7eaf174b28977037a45	12	2	Q1	4.0
65c9e7eaf174b28977037a45	12	2	Q2	1.0
65c9e7eaf174b28977037a45	12	2	Q3	3.0
65c9e7eaf174b28977037a45	12	2	Q4	2.0
65c9e7eaf174b28977037a45	12	2	Q5	2.0
65c9e7eaf174b28977037a45	12	2	Q6	2.0
65c9e7eaf174b28977037a45	12	2	Q7	1.0
65c9e7eaf174b28977037a45	12	2	Q8	2.0
65c9e7eaf174b28977037a45	12	2	Q0	1.0
65c9e81df174b28977037a53	13	1	Q1	2.0
65c9e81df174b28977037a53	13	1	Q2	4.0
65c9e81df174b28977037a53	13	1	Q3	4.0
65c9e81df174b28977037a53	13	1	Q4	2.0
65c9e81df174b28977037a53	13	1	Q5	2.0
65c9e81df174b28977037a53	13	1	Q6	4.0
65c9e81df174b28977037a53	13	1	Q7	1.0
65c9e81df174b28977037a53	13	1	Q8	4.0
65c9e81df174b28977037a53	13	1	Q0	1.0
65c9e885f174b28977037a5f	5	2	Q1	1.0
65c9e885f174b28977037a5f	5	2	Q2	2.0
65c9e885f174b28977037a5f	5	2	Q3	2.0
65c9e885f174b28977037a5f	5	2	Q4	2.0
65c9e885f174b28977037a5f	5	2	Q5	3.0
65c9e885f174b28977037a5f	5	2	Q6	2.0
65c9e885f174b28977037a5f	5	2	Q7	4.0
65c9e885f174b28977037a5f	5	2	Q8	2.0
65c9e885f174b28977037a5f	5	2	Q0	3.0
65c9ea70f174b28977037a7f	23	0	Q2	4.0
65c9ea70f174b28977037a7f	23	0	Q6	1.0
65c9ea70f174b28977037a7f	23	0	Q7	1.0
65c9ea70f174b28977037a7f	23	0	Q8	4.0
65c9ea70f174b28977037a7f	23	0	Q0	1.0
65c9ea9cf174b28977037a84	12	0	Q2	1.0
65c9ea9cf174b28977037a84	12	0	Q6	4.0
65c9ea9cf174b28977037a84	12	0	Q7	1.0
65c9ea9cf174b28977037a84	12	0	Q8	2.0
65c9ea9cf174b28977037a84	12	0	Q0	3.0
65c9eae6f174b28977037a8b	23	0	Q2	1.0
65c9eae6f174b28977037a8b	23	0	Q6	3.0
65c9eae6f174b28977037a8b	23	0	Q7	3.0
65c9eae6f174b28977037a8b	23	0	Q8	1.0
65c9eae6f174b28977037a8b	23	0	Q0	1.0
65c9eb09f174b28977037a90	22	2	Q1	1.0
65c9eb09f174b28977037a90	22	2	Q2	3.0
65c9eb09f174b28977037a90	22	2	Q3	3.0
65c9eb09f174b28977037a90	22	2	Q4	2.0
65c9eb09f174b28977037a90	22	2	Q5	1.0
65c9eb09f174b28977037a90	22	2	Q6	3.0
65c9eb09f174b28977037a90	22	2	Q7	1.0
65c9eb09f174b28977037a90	22	2	Q8	3.0
65c9eb09f174b28977037a90	22	2	Q0	4.0
65c9eb68f174b28977037a99	10	2	Q1	2.0
65c9eb68f174b28977037a99	10	2	Q2	2.0
65c9eb68f174b28977037a99	10	2	Q3	3.0
65c9eb68f174b28977037a99	10	2	Q4	4.0
65c9eb68f174b28977037a99	10	2	Q5	4.0
65c9eb68f174b28977037a99	10	2	Q6	3.0
65c9eb68f174b28977037a99	10	2	Q7	1.0
65c9eb68f174b28977037a99	10	2	Q8	1.0
65c9eb68f174b28977037a99	10	2	Q0	4.0
65c9ebb6f174b28977037aa5	23	1	Q1	3.0
65c9ebb6f174b28977037aa5	23	1	Q2	2.0
65c9ebb6f174b28977037aa5	23	1	Q3	1.0
65c9ebb6f174b28977037aa5	23	1	Q4	4.0
65c9ebb6f174b28977037aa5	23	1	Q5	2.0
65c9ebb6f174b28977037aa5	23	1	Q6	2.0
65c9ebb6f174b28977037aa5	23	1	Q7	1.0
65c9ebb6f174b28977037aa5	23	1	Q8	1.0
65c9ebb6f174b28977037aa5	23	1	Q0	1.0
65c9ebedf174b28977037aad	18	2	Q1	3.0
65c9ebedf174b28977037aad	18	2	Q2	3.0
65c9ebedf174b28977037aad	18	2	Q3	4.0
65c9ebedf174b28977037aad	18	2	Q4	3.0
65c9ebedf174b28977037aad	18	2	Q5	2.0
65c9ebedf174b28977037aad	18	2	Q6	4.0
65c9ebedf174b28977037aad	18	2	Q7	3.0
65c9ebedf174b28977037aad	18	2	Q8	1.0
65c9ebedf174b28977037aad	18	2	Q0	1.0
65c9ec9af174b28977037ab9	23	2	Q1	1.0
65c9ec9af174b28977037ab9	23	2	Q2	3.0
65c9ec9af174b28977037ab9	23	2	Q3	1.0
65c9ec9af174b28977037ab9	23	2	Q4	1.0
65c9ec9af174b28977037ab9	23	2	Q5	3.0
65c9ec9af174b28977037ab9	23	2	Q6	3.0
65c9ec9af174b28977037ab9	23	2	Q7	4.0
65c9ec9af174b28977037ab9	23	2	Q8	4.0
65c9ec9af174b28977037ab9	23	2	Q0	2.0
65c9eccdf174b28977037abc	11	2	Q1	1.0
65c9eccdf174b28977037abc	11	2	Q2	1.0
65c9eccdf174b28977037abc	11	2	Q3	4.0
65c9eccdf174b28977037abc	11	2	Q4	1.0
65c9eccdf174b28977037abc	11	2	Q5	3.0
65c9eccdf174b28977037abc	11	2	Q6	4.0
65c9eccdf174b28977037abc	11	2	Q7	1.0
65c9eccdf174b28977037abc	11	2	Q8	1.0
65c9eccdf174b28977037abc	11	2	Q0	4.0
65c9ece5f174b28977037abe	7	2	Q1	1.0
65c9ece5f174b28977037abe	7	2	Q2	2.0
65c9ece5f174b28977037abe	7	2	Q3	4.0
65c9ece5f174b28977037abe	7	2	Q4	3.0
65c9ece5f174b28977037abe	7	2	Q5	3.0
65c9ece5f174b28977037abe	7	2	Q6	4.0
65c9ece5f174b28977037abe	7	2	Q7	2.0
65c9ece5f174b28977037abe	7	2	Q8	2.0
65c9ece5f174b28977037abe	7	2	Q0	2.0
65c9edf0f174b28977037ace	23	1	Q1	2.0
65c9edf0f174b28977037ace	23	1	Q2	3.0
65c9edf0f174b28977037ace	23	1	Q3	4.0
65c9edf0f174b28977037ace	23	1	Q4	3.0
65c9edf0f174b28977037ace	23	1	Q5	1.0
65c9edf0f174b28977037ace	23	1	Q6	4.0
65c9edf0f174b28977037ace	23	1	Q7	3.0
65c9edf0f174b28977037ace	23	1	Q8	2.0
65c9edf0f174b28977037ace	23	1	Q0	4.0
65c9edf6f174b28977037ad1	13	1	Q1	4.0
65c9edf6f174b28977037ad1	13	1	Q2	3.0
65c9edf6f174b28977037ad1	13	1	Q3	1.0
65c9edf6f174b28977037ad1	13	1	Q4	3.0
65c9edf6f174b28977037ad1	13	1	Q5	2.0
65c9edf6f174b28977037ad1	13	1	Q6	4.0
65c9edf6f174b28977037ad1	13	1	Q7	4.0
65c9edf6f174b28977037ad1	13	1	Q8	1.0
65c9edf6f174b28977037ad1	13	1	Q0	1.0
65c9ee66f174b28977037ad8	10	1	Q1	1.0
65c9ee66f174b28977037ad8	10	1	Q2	3.0
65c9ee66f174b28977037ad8	10	1	Q3	4.0
65c9ee66f174b28977037ad8	10	1	Q4	3.0
65c9ee66f174b28977037ad8	10	1	Q5	4.0
65c9ee66f174b28977037ad8	10	1	Q6	1.0
65c9ee66f174b28977037ad8	10	1	Q7	3.0
65c9ee66f174b28977037ad8	10	1	Q8	4.0
65c9ee66f174b28977037ad8	10	1	Q0	1.0
65c9eeb1f174b28977037ae0	5	1	Q1	2.0
65c9eeb1f174b28977037ae0	5	1	Q2	1.0
65c9eeb1f174b28977037ae0	5	1	Q3	4.0
65c9eeb1f174b28977037ae0	5	1	Q4	2.0
65c9eeb1f174b28977037ae0	5	1	Q5	1.0
65c9eeb1f174b28977037ae0	5	1	Q6	1.0
65c9eeb1f174b28977037ae0	5	1	Q7	1.0
65c9eeb1f174b28977037ae0	5	1	Q8	2.0
65c9eeb1f174b28977037ae0	5	1	Q0	1.0
65c9ef50f174b28977037aee	18	2	Q1	1.0
65c9ef50f174b28977037aee	18	2	Q2	3.0
65c9ef50f174b28977037aee	18	2	Q3	4.0
65c9ef50f174b28977037aee	18	2	Q4	3.0
65c9ef50f174b28977037aee	18	2	Q5	4.0
65c9ef50f174b28977037aee	18	2	Q6	1.0
65c9ef50f174b28977037aee	18	2	Q7	2.0
65c9ef50f174b28977037aee	18	2	Q8	3.0
65c9ef50f174b28977037aee	18	2	Q0	1.0
65c9ef9ff174b28977037af4	12	2	Q1	2.0
65c9ef9ff174b28977037af4	12	2	Q2	3.0
65c9ef9ff174b28977037af4	12	2	Q3	2.0
65c9ef9ff174b28977037af4	12	2	Q4	3.0
65c9ef9ff174b28977037af4	12	2	Q5	2.0
65c9ef9ff174b28977037af4	12	2	Q6	4.0
65c9ef9ff174b28977037af4	12	2	Q7	2.0
65c9ef9ff174b28977037af4	12	2	Q8	4.0
65c9ef9ff174b28977037af4	12	2	Q0	3.0
65c9efadf174b28977037af7	11	0	Q2	1.0
65c9efadf174b28977037af7	11	0	Q6	2.0
65c9efadf174b28977037af7	11	0	Q7	3.0
65c9efadf174b28977037af7	11	0	Q8	1.0
65c9efadf174b28977037af7	11	0	Q0	2.0
65c9f033f174b28977037b08	7	0	Q2	4.0
65c9f033f174b28977037b08	7	0	Q6	2.0
65c9f033f174b28977037b08	7	0	Q7	1.0
65c9f033f174b28977037b08	7	0	Q8	1.0
65c9f033f174b28977037b08	7	0	Q0	4.0
65c9f0b2f174b28977037b10	12	2	Q1	1.0
65c9f0b2f174b28977037b10	12	2	Q2	1.0
65c9f0b2f174b28977037b10	12	2	Q3	2.0
65c9f0b2f174b28977037b10	12	2	Q4	1.0
65c9f0b2f174b28977037b10	12	2	Q5	3.0
65c9f0b2f174b28977037b10	12	2	Q6	3.0
65c9f0b2f174b28977037b10	12	2	Q7	4.0
65c9f0b2f174b28977037b10	12	2	Q8	4.0
65c9f0b2f174b28977037b10	12	2	Q0	2.0
65c9f117f174b28977037b14	13	2	Q1	3.0
65c9f117f174b28977037b14	13	2	Q2	4.0
65c9f117f174b28977037b14	13	2	Q3	3.0
65c9f117f174b28977037b14	13	2	Q4	3.0
65c9f117f174b28977037b14	13	2	Q5	1.0
65c9f117f174b28977037b14	13	2	Q6	4.0
65c9f117f174b28977037b14	13	2	Q7	4.0
65c9f117f174b28977037b14	13	2	Q8	2.0
65c9f117f174b28977037b14	13	2	Q0	4.0
65c9f24ef174b28977037b1c	12	0	Q2	4.0
65c9f24ef174b28977037b1c	12	0	Q6	2.0
65c9f24ef174b28977037b1c	12	0	Q7	2.0
65c9f24ef174b28977037b1c	12	0	Q8	2.0
65c9f24ef174b28977037b1c	12	0	Q0	2.0
65c9f2f5f174b28977037b2c	23	2	Q1	2.0
65c9f2f5f174b28977037b2c	23	2	Q2	4.0
65c9f2f5f174b28977037b2c	23	2	Q3	4.0
65c9f2f5f174b28977037b2c	23	2	Q4	4.0
65c9f2f5f174b28977037b2c	23	2	Q5	3.0
65c9f2f5f174b28977037b2c	23	2	Q6	1.0
65c9f2f5f174b28977037b2c	23	2	Q7	4.0
65c9f2f5f174b28977037b2c	23	2	Q8	1.0
65c9f2f5f174b28977037b2c	23	2	Q0	2.0
65c9f2fff174b28977037b2e	18	1	Q1	2.0
65c9f2fff174b28977037b2e	18	1	Q2	1.0
65c9f2fff174b28977037b2e	18	1	Q3	3.0
65c9f2fff174b28977037b2e	18	1	Q4	2.0
65c9f2fff174b28977037b2e	18	1	Q5	4.0
65c9f2fff174b28977037b2e	18	1	Q6	1.0
65c9f2fff174b28977037b2e	18	1	Q7	2.0
65c9f2fff174b28977037b2e	18	1	Q8	3.0
65c9f2fff174b28977037b2e	18	1	Q0	3.0
65c9f34df174b28977037b34	5	2	Q1	2.0
65c9f34df174b28977037b34	5	2	Q2	3.0
65c9f34df174b28977037b34	5	2	Q3	2.0
65c9f34df174b28977037b34	5	2	Q4	1.0
65c9f34df174b28977037b34	5	2	Q5	2.0
65c9f34df174b28977037b34	5	2	Q6	3.0
65c9f34df174b28977037b34	5	2	Q7	4.0
65c9f34df174b28977037b34	5	2	Q8	2.0
65c9f34df174b28977037b34	5	2	Q0	4.0
65c9f3b1f174b28977037b3f	23	1	Q1	2.0
65c9f3b1f174b28977037b3f	23	1	Q2	4.0
65c9f3b1f174b28977037b3f	23	1	Q3	3.0
65c9f3b1f174b28977037b3f	23	1	Q4	4.0
65c9f3b1f174b28977037b3f	23	1	Q5	2.0
65c9f3b1f174b28977037b3f	23	1	Q6	3.0
65c9f3b1f174b28977037b3f	23	1	Q7	2.0
65c9f3b1f174b28977037b3f	23	1	Q8	4.0
65c9f3b1f174b28977037b3f	23	1	Q0	1.0
65c9f4dff174b28977037b4f	12	0	Q2	2.0
65c9f4dff174b28977037b4f	12	0	Q6	2.0
65c9f4dff174b28977037b4f	12	0	Q7	1.0
65c9f4dff174b28977037b4f	12	0	Q8	4.0
65c9f4dff174b28977037b4f	12	0	Q0	3.0
65c9f515f174b28977037b54	5	1	Q1	1.0
65c9f515f174b28977037b54	5	1	Q2	1.0
65c9f515f174b28977037b54	5	1	Q3	3.0
65c9f515f174b28977037b54	5	1	Q4	2.0
65c9f515f174b28977037b54	5	1	Q5	1.0
65c9f515f174b28977037b54	5	1	Q6	4.0
65c9f515f174b28977037b54	5	1	Q7	1.0
65c9f515f174b28977037b54	5	1	Q8	2.0
65c9f515f174b28977037b54	5	1	Q0	3.0
65c9f5e2f174b28977037b60	5	2	Q1	2.0
65c9f5e2f174b28977037b60	5	2	Q2	1.0
65c9f5e2f174b28977037b60	5	2	Q3	4.0
65c9f5e2f174b28977037b60	5	2	Q4	3.0
65c9f5e2f174b28977037b60	5	2	Q5	2.0
65c9f5e2f174b28977037b60	5	2	Q6	3.0
65c9f5e2f174b28977037b60	5	2	Q7	1.0
65c9f5e2f174b28977037b60	5	2	Q8	1.0
65c9f5e2f174b28977037b60	5	2	Q0	1.0
65c9f62ef174b28977037b65	12	2	Q1	3.0
65c9f62ef174b28977037b65	12	2	Q2	2.0
65c9f62ef174b28977037b65	12	2	Q3	1.0
65c9f62ef174b28977037b65	12	2	Q4	2.0
65c9f62ef174b28977037b65	12	2	Q5	3.0
65c9f62ef174b28977037b65	12	2	Q6	2.0
65c9f62ef174b28977037b65	12	2	Q7	2.0
65c9f62ef174b28977037b65	12	2	Q8	4.0
65c9f62ef174b28977037b65	12	2	Q0	1.0
65c9f712f174b28977037b6d	5	1	Q1	3.0
65c9f712f174b28977037b6d	5	1	Q2	4.0
65c9f712f174b28977037b6d	5	1	Q3	2.0
65c9f712f174b28977037b6d	5	1	Q4	2.0
65c9f712f174b28977037b6d	5	1	Q5	4.0
65c9f712f174b28977037b6d	5	1	Q6	4.0
65c9f712f174b28977037b6d	5	1	Q7	1.0
65c9f712f174b28977037b6d	5	1	Q8	4.0
65c9f712f174b28977037b6d	5	1	Q0	3.0
65c9f7cbf174b28977037b78	5	0	Q2	3.0
65c9f7cbf174b28977037b78	5	0	Q6	3.0
65c9f7cbf174b28977037b78	5	0	Q7	4.0
65c9f7cbf174b28977037b78	5	0	Q8	2.0
65c9f7cbf174b28977037b78	5	0	Q0	2.0
65c9f916f174b28977037b80	11	0	Q2	1.0
65c9f916f174b28977037b80	11	0	Q6	3.0
65c9f916f174b28977037b80	11	0	Q7	3.0
65c9f916f174b28977037b80	11	0	Q8	2.0
65c9f916f174b28977037b80	11	0	Q0	4.0
65c9fa09f174b28977037b88	5	1	Q1	1.0
65c9fa09f174b28977037b88	5	1	Q2	1.0
65c9fa09f174b28977037b88	5	1	Q3	4.0
65c9fa09f174b28977037b88	5	1	Q4	3.0
65c9fa09f174b28977037b88	5	1	Q5	3.0
65c9fa09f174b28977037b88	5	1	Q6	1.0
65c9fa09f174b28977037b88	5	1	Q7	3.0
65c9fa09f174b28977037b88	5	1	Q8	2.0
65c9fa09f174b28977037b88	5	1	Q0	4.0
65c9fb2ff174b28977037b90	18	2	Q2	4.0
65c9fb2ff174b28977037b90	18	2	Q6	2.0
65c9fb2ff174b28977037b90	18	2	Q7	1.0
65c9fb2ff174b28977037b90	18	2	Q8	4.0
65c9fb2ff174b28977037b90	18	2	Q0	3.0
65c9fb8df174b28977037b93	11	0	Q2	4.0
65c9fb8df174b28977037b93	11	0	Q6	4.0
65c9fb8df174b28977037b93	11	0	Q7	2.0
65c9fb8df174b28977037b93	11	0	Q8	1.0
65c9fb8df174b28977037b93	11	0	Q0	3.0
65c9fbfdf174b28977037b96	10	0	Q2	4.0
65c9fbfdf174b28977037b96	10	0	Q3	4.0
65c9fbfdf174b28977037b96	10	0	Q6	3.0
65c9fbfdf174b28977037b96	10	0	Q7	2.0
65c9fbfdf174b28977037b96	10	0	Q8	2.0
65c9fbfdf174b28977037b96	10	0	Q0	4.0
65c9fdabf174b28977037b9c	10	2	Q1	2.0
65c9fdabf174b28977037b9c	10	2	Q2	1.0
65c9fdabf174b28977037b9c	10	2	Q3	4.0
65c9fdabf174b28977037b9c	10	2	Q4	2.0
65c9fdabf174b28977037b9c	10	2	Q5	1.0
65c9fdabf174b28977037b9c	10	2	Q6	4.0
65c9fdabf174b28977037b9c	10	2	Q7	3.0
65c9fdabf174b28977037b9c	10	2	Q8	1.0
65c9fdabf174b28977037b9c	10	2	Q0	1.0
65ca0179f174b28977037baa	10	0	Q2	2.0
65ca0179f174b28977037baa	10	0	Q6	4.0
65ca0179f174b28977037baa	10	0	Q7	4.0
65ca0179f174b28977037baa	10	0	Q8	1.0
65ca0179f174b28977037baa	10	0	Q0	4.0
65ca0376f174b28977037bb3	11	2	Q1	3.0
65ca0376f174b28977037bb3	11	2	Q2	2.0
65ca0376f174b28977037bb3	11	2	Q3	1.0
65ca0376f174b28977037bb3	11	2	Q4	3.0
65ca0376f174b28977037bb3	11	2	Q5	3.0
65ca0376f174b28977037bb3	11	2	Q6	3.0
65ca0376f174b28977037bb3	11	2	Q7	4.0
65ca0376f174b28977037bb3	11	2	Q8	2.0
65ca0376f174b28977037bb3	11	2	Q0	1.0
65ca04ecf174b28977037bb5	22	2	Q1	3.0
65ca04ecf174b28977037bb5	22	2	Q2	3.0
65ca04ecf174b28977037bb5	22	2	Q3	1.0
65ca04ecf174b28977037bb5	22	2	Q4	4.0
65ca04ecf174b28977037bb5	22	2	Q5	1.0
65ca04ecf174b28977037bb5	22	2	Q6	4.0
65ca04ecf174b28977037bb5	22	2	Q7	1.0
65ca04ecf174b28977037bb5	22	2	Q8	2.0
65ca04ecf174b28977037bb5	22	2	Q0	3.0
65ca0914f174b28977037bc2	18	1	Q1	3.0
65ca0914f174b28977037bc2	18	1	Q2	2.0
65ca0914f174b28977037bc2	18	1	Q3	4.0
65ca0914f174b28977037bc2	18	1	Q4	3.0
65ca0914f174b28977037bc2	18	1	Q5	3.0
65ca0914f174b28977037bc2	18	1	Q6	1.0
65ca0914f174b28977037bc2	18	1	Q7	2.0
65ca0914f174b28977037bc2	18	1	Q8	3.0
65ca0914f174b28977037bc2	18	1	Q0	1.0
65ca0a93f174b28977037bca	22	2	Q1	1.0
65ca0a93f174b28977037bca	22	2	Q2	1.0
65ca0a93f174b28977037bca	22	2	Q3	2.0
65ca0a93f174b28977037bca	22	2	Q4	2.0
65ca0a93f174b28977037bca	22	2	Q5	4.0
65ca0a93f174b28977037bca	22	2	Q6	3.0
65ca0a93f174b28977037bca	22	2	Q7	2.0
65ca0a93f174b28977037bca	22	2	Q8	2.0
65ca0a93f174b28977037bca	22	2	Q0	4.0
65ca0c58f174b28977037bd6	18	0	Q2	3.0
65ca0c58f174b28977037bd6	18	0	Q6	4.0
65ca0c58f174b28977037bd6	18	0	Q7	4.0
65ca0c58f174b28977037bd6	18	0	Q8	2.0
65ca0c58f174b28977037bd6	18	0	Q0	2.0
65ca0d19f174b28977037bde	22	0	Q2	3.0
65ca0d19f174b28977037bde	22	0	Q6	1.0
65ca0d19f174b28977037bde	22	0	Q7	2.0
65ca0d19f174b28977037bde	22	0	Q8	3.0
65ca0d19f174b28977037bde	22	0	Q0	2.0
65ca0d9af174b28977037be7	18	2	Q1	3.0
65ca0d9af174b28977037be7	18	2	Q2	2.0
65ca0d9af174b28977037be7	18	2	Q3	4.0
65ca0d9af174b28977037be7	18	2	Q4	4.0
65ca0d9af174b28977037be7	18	2	Q5	2.0
65ca0d9af174b28977037be7	18	2	Q6	2.0
65ca0d9af174b28977037be7	18	2	Q7	1.0
65ca0d9af174b28977037be7	18	2	Q8	4.0
65ca0d9af174b28977037be7	18	2	Q0	1.0
65ca0f23f174b28977037bf2	22	0	Q2	2.0
65ca0f23f174b28977037bf2	22	0	Q6	3.0
65ca0f23f174b28977037bf2	22	0	Q7	2.0
65ca0f23f174b28977037bf2	22	0	Q8	2.0
65ca0f23f174b28977037bf2	22	0	Q0	1.0
65ca0f6ff174b28977037bf6	18	2	Q1	4.0
65ca0f6ff174b28977037bf6	18	2	Q2	4.0
65ca0f6ff174b28977037bf6	18	2	Q3	4.0
65ca0f6ff174b28977037bf6	18	2	Q4	1.0
65ca0f6ff174b28977037bf6	18	2	Q5	1.0
65ca0f6ff174b28977037bf6	18	2	Q6	3.0
65ca0f6ff174b28977037bf6	18	2	Q7	2.0
65ca0f6ff174b28977037bf6	18	2	Q8	1.0
65ca0f6ff174b28977037bf6	18	2	Q0	3.0
65ca189ff174b28977037bfe	18	0	Q2	4.0
65ca189ff174b28977037bfe	18	0	Q6	3.0
65ca189ff174b28977037bfe	18	0	Q7	1.0
65ca189ff174b28977037bfe	18	0	Q8	3.0
65ca189ff174b28977037bfe	18	0	Q0	4.0
65ca1988f174b28977037c05	18	2	Q1	2.0
65ca1988f174b28977037c05	18	2	Q2	2.0
65ca1988f174b28977037c05	18	2	Q3	1.0
65ca1988f174b28977037c05	18	2	Q4	2.0
65ca1988f174b28977037c05	18	2	Q5	2.0
65ca1988f174b28977037c05	18	2	Q6	4.0
65ca1988f174b28977037c05	18	2	Q7	1.0
65ca1988f174b28977037c05	18	2	Q8	1.0
65ca1988f174b28977037c05	18	2	Q0	3.0
65ca1f4df174b28977037c0c	16	1	Q1	1.0
65ca1f4df174b28977037c0c	16	1	Q2	2.0
65ca1f4df174b28977037c0c	16	1	Q3	2.0
65ca1f4df174b28977037c0c	16	1	Q4	2.0
65ca1f4df174b28977037c0c	16	1	Q5	1.0
65ca1f4df174b28977037c0c	16	1	Q6	4.0
65ca1f4df174b28977037c0c	16	1	Q7	4.0
65ca1f4df174b28977037c0c	16	1	Q8	1.0
65ca1f4df174b28977037c0c	16	1	Q0	1.0
65ca1fe6f174b28977037c13	16	0	Q2	3.0
65ca1fe6f174b28977037c13	16	0	Q6	4.0
65ca1fe6f174b28977037c13	16	0	Q7	4.0
65ca1fe6f174b28977037c13	16	0	Q8	2.0
65ca1fe6f174b28977037c13	16	0	Q0	2.0
65ca207af174b28977037c1a	16	0	Q2	3.0
65ca207af174b28977037c1a	16	0	Q6	1.0
65ca207af174b28977037c1a	16	0	Q7	4.0
65ca207af174b28977037c1a	16	0	Q8	3.0
65ca207af174b28977037c1a	16	0	Q0	1.0
65ca2184f174b28977037c20	16	0	Q2	4.0
65ca2184f174b28977037c20	16	0	Q6	3.0
65ca2184f174b28977037c20	16	0	Q7	4.0
65ca2184f174b28977037c20	16	0	Q8	1.0
65ca2184f174b28977037c20	16	0	Q0	4.0
65ca225cf174b28977037c27	16	1	Q1	2.0
65ca225cf174b28977037c27	16	1	Q2	2.0
65ca225cf174b28977037c27	16	1	Q3	2.0
65ca225cf174b28977037c27	16	1	Q4	1.0
65ca225cf174b28977037c27	16	1	Q5	3.0
65ca225cf174b28977037c27	16	1	Q6	1.0
65ca225cf174b28977037c27	16	1	Q7	3.0
65ca225cf174b28977037c27	16	1	Q8	2.0
65ca225cf174b28977037c27	16	1	Q0	3.0
65ca2346f174b28977037c2e	16	0	Q2	4.0
65ca2346f174b28977037c2e	16	0	Q6	4.0
65ca2346f174b28977037c2e	16	0	Q7	4.0
65ca2346f174b28977037c2e	16	0	Q8	4.0
65ca2346f174b28977037c2e	16	0	Q0	1.0
65ca23c7f174b28977037c35	16	0	Q2	1.0
65ca23c7f174b28977037c35	16	0	Q6	1.0
65ca23c7f174b28977037c35	16	0	Q7	1.0
65ca23c7f174b28977037c35	16	0	Q8	3.0
65ca23c7f174b28977037c35	16	0	Q0	1.0
65ca2480f174b28977037c3c	16	1	Q1	3.0
65ca2480f174b28977037c3c	16	1	Q2	3.0
65ca2480f174b28977037c3c	16	1	Q3	3.0
65ca2480f174b28977037c3c	16	1	Q4	2.0
65ca2480f174b28977037c3c	16	1	Q5	2.0
65ca2480f174b28977037c3c	16	1	Q6	1.0
65ca2480f174b28977037c3c	16	1	Q7	2.0
65ca2480f174b28977037c3c	16	1	Q8	4.0
65ca2480f174b28977037c3c	16	1	Q0	4.0
65ca24fff174b28977037c42	16	1	Q1	1.0
65ca24fff174b28977037c42	16	1	Q2	3.0
65ca24fff174b28977037c42	16	1	Q3	3.0
65ca24fff174b28977037c42	16	1	Q4	4.0
65ca24fff174b28977037c42	16	1	Q5	4.0
65ca24fff174b28977037c42	16	1	Q6	2.0
65ca24fff174b28977037c42	16	1	Q7	3.0
65ca24fff174b28977037c42	16	1	Q8	3.0
65ca24fff174b28977037c42	16	1	Q0	3.0
